primitive,c_entry,offset,arity,kernel,effect_policy,pure_go_contract,verification_vector,completion_action
if,do_if,0,-1,language,control-or-environment,pure-go-context-adapter,environment-control,verify with isolated environment/control matrix
while,do_while,0,2,language,control-or-environment,pure-go-context-adapter,environment-control,verify with isolated environment/control matrix
for,do_for,0,3,language,control-or-environment,pure-go-context-adapter,environment-control,verify with isolated environment/control matrix
repeat,do_repeat,0,1,language,control-or-environment,pure-go-context-adapter,environment-control,verify with isolated environment/control matrix
break,do_break,CTXT_BREAK,0,language,control-or-environment,pure-go-context-adapter,environment-control,verify with isolated environment/control matrix
next,do_break,CTXT_NEXT,0,language,control-or-environment,pure-go-context-adapter,environment-control,verify with isolated environment/control matrix
return,do_return,0,-1,language,control-or-environment,pure-go-context-adapter,environment-control,verify with isolated environment/control matrix
function,do_function,0,-1,language,control-or-environment,pure-go-context-adapter,environment-control,verify with isolated environment/control matrix
<-,do_set,1,-1,replacement,environment,pure-go-context-adapter,environment-control,verify with isolated environment/control matrix
=,do_set,3,-1,language,control-or-environment,pure-go-context-adapter,environment-control,verify with isolated environment/control matrix
<<-,do_set,2,-1,replacement,environment,pure-go-context-adapter,environment-control,verify with isolated environment/control matrix
{,do_begin,0,-1,language,control-or-environment,pure-go-context-adapter,environment-control,verify with isolated environment/control matrix
(,do_paren,0,1,language,control-or-environment,pure-go-context-adapter,environment-control,verify with isolated environment/control matrix
.subset,do_subset_dflt,1,-1,subset,pure,pure-go-dispatch,typed-signature,derive typed fixture by kernel/opcode/arity vector
.subset2,do_subset2_dflt,2,-1,subset,pure,pure-go-dispatch,typed-signature,derive typed fixture by kernel/opcode/arity vector
[,do_subset,1,-1,subset,pure,pure-go-dispatch,typed-signature,derive typed fixture by kernel/opcode/arity vector
[[,do_subset2,2,-1,subset,pure,pure-go-dispatch,typed-signature,derive typed fixture by kernel/opcode/arity vector
$,do_subset3,3,2,subset,pure,pure-go-dispatch,typed-signature,derive typed fixture by kernel/opcode/arity vector
@,do_AT,0,2,language,control-or-environment,pure-go-context-adapter,environment-control,verify with isolated environment/control matrix
[<-,do_subassign,0,3,replacement,environment,pure-go-context-adapter,environment-control,verify with isolated environment/control matrix
[[<-,do_subassign2,1,3,replacement,environment,pure-go-context-adapter,environment-control,verify with isolated environment/control matrix
$<-,do_subassign3,1,3,replacement,environment,pure-go-context-adapter,environment-control,verify with isolated environment/control matrix
switch,do_switch,0,-1,language,control-or-environment,pure-go-context-adapter,environment-control,verify with isolated environment/control matrix
browser,do_browser,0,-1,language,control-or-environment,pure-go-context-adapter,environment-control,verify with isolated environment/control matrix
.primTrace,do_trace,0,1,runtime,pure,pure-go-dispatch,typed-signature,derive typed fixture by kernel/opcode/arity vector
.primUntrace,do_trace,1,1,runtime,pure,pure-go-dispatch,typed-signature,derive typed fixture by kernel/opcode/arity vector
.Internal,do_internal,0,1,language,control-or-environment,pure-go-context-adapter,environment-control,verify with isolated environment/control matrix
.Primitive,do_primitive,0,1,runtime,pure,defined-pure-go-error,gnu-r-subsystem,preserve explicit boundary; implement only with an independent parser
call,do_call,0,-1,language,control-or-environment,pure-go-context-adapter,environment-control,verify with isolated environment/control matrix
quote,do_quote,0,1,language,control-or-environment,pure-go-context-adapter,environment-control,verify with isolated environment/control matrix
substitute,do_substitute,0,-1,character,pure,pure-go-dispatch,typed-signature,derive typed fixture by kernel/opcode/arity vector
missing,do_missing,1,1,language,control-or-environment,pure-go-context-adapter,environment-control,verify with isolated environment/control matrix
nargs,do_nargs,1,0,runtime,pure,pure-go-dispatch,typed-signature,derive typed fixture by kernel/opcode/arity vector
on.exit,do_onexit,0,-1,language,control-or-environment,pure-go-context-adapter,environment-control,verify with isolated environment/control matrix
forceAndCall,do_forceAndCall,0,-1,language,control-or-environment,pure-go-context-adapter,environment-control,verify with isolated environment/control matrix
declare,do_declare,0,-1,language,control-or-environment,pure-go-context-adapter,environment-control,verify with isolated environment/control matrix
stop,do_stop,0,2,runtime,pure,pure-go-dispatch,typed-signature,derive typed fixture by kernel/opcode/arity vector
warning,do_warning,0,4,runtime,pure,pure-go-dispatch,typed-signature,derive typed fixture by kernel/opcode/arity vector
gettext,do_gettext,0,3,environment,environment,pure-go-context-adapter,environment-control,verify with isolated environment/control matrix
ngettext,do_ngettext,0,4,environment,environment,pure-go-context-adapter,environment-control,verify with isolated environment/control matrix
bindtextdomain,do_bindtextdomain,0,2,runtime,pure,pure-go-dispatch,typed-signature,derive typed fixture by kernel/opcode/arity vector
.addCondHands,do_addCondHands,0,5,runtime,pure,pure-go-dispatch,typed-signature,derive typed fixture by kernel/opcode/arity vector
.addGlobHands,do_addGlobHands,0,5,runtime,pure,pure-go-dispatch,typed-signature,derive typed fixture by kernel/opcode/arity vector
.resetCondHands,do_resetCondHands,0,1,runtime,pure,pure-go-dispatch,typed-signature,derive typed fixture by kernel/opcode/arity vector
.signalCondition,do_signalCondition,0,3,runtime,pure,pure-go-dispatch,typed-signature,derive typed fixture by kernel/opcode/arity vector
.dfltStop,do_dfltStop,0,2,runtime,pure,pure-go-dispatch,typed-signature,derive typed fixture by kernel/opcode/arity vector
.dfltWarn,do_dfltWarn,0,2,runtime,pure,pure-go-dispatch,typed-signature,derive typed fixture by kernel/opcode/arity vector
.addRestart,do_addRestart,0,1,runtime,pure,pure-go-dispatch,typed-signature,derive typed fixture by kernel/opcode/arity vector
.getRestart,do_getRestart,0,1,environment,environment,pure-go-context-adapter,environment-control,verify with isolated environment/control matrix
.invokeRestart,do_invokeRestart,0,2,runtime,pure,pure-go-dispatch,typed-signature,derive typed fixture by kernel/opcode/arity vector
.addTryHandlers,do_addTryHandlers,0,0,runtime,pure,pure-go-dispatch,typed-signature,derive typed fixture by kernel/opcode/arity vector
geterrmessage,do_geterrmessage,0,0,environment,environment,pure-go-context-adapter,environment-control,verify with isolated environment/control matrix
seterrmessage,do_seterrmessage,0,1,runtime,pure,pure-go-dispatch,typed-signature,derive typed fixture by kernel/opcode/arity vector
printDeferredWarnings,do_printDeferredWarnings,0,0,runtime,pure,pure-go-dispatch,typed-signature,derive typed fixture by kernel/opcode/arity vector
interruptsSuspended,do_interruptsSuspended,0,-1,runtime,pure,pure-go-dispatch,typed-signature,derive typed fixture by kernel/opcode/arity vector
as.function.default,do_asfunction,0,2,runtime,pure,pure-go-dispatch,typed-signature,derive typed fixture by kernel/opcode/arity vector
debug,do_debug,0,3,runtime,pure,pure-go-dispatch,typed-signature,derive typed fixture by kernel/opcode/arity vector
undebug,do_debug,1,1,runtime,pure,pure-go-dispatch,typed-signature,derive typed fixture by kernel/opcode/arity vector
isdebugged,do_debug,2,1,runtime,pure,pure-go-dispatch,typed-signature,derive typed fixture by kernel/opcode/arity vector
debugonce,do_debug,3,3,runtime,pure,pure-go-dispatch,typed-signature,derive typed fixture by kernel/opcode/arity vector
Recall,do_recall,0,-1,language,control-or-environment,pure-go-context-adapter,environment-control,verify with isolated environment/control matrix
delayedAssign,do_delayed,0,4,runtime,pure,pure-go-dispatch,typed-signature,derive typed fixture by kernel/opcode/arity vector
makeLazy,do_makelazy,0,5,runtime,pure,pure-go-dispatch,typed-signature,derive typed fixture by kernel/opcode/arity vector
identical,do_identical,0,8,runtime,pure,pure-go-family-kernel,typed-signature,derive typed fixture by C entry and offset
C_tryCatchHelper,do_tryCatchHelper,0,-1,runtime,pure,pure-go-dispatch,typed-signature,derive typed fixture by kernel/opcode/arity vector
getNamespaceValue,do_getNSValue,0,3,environment,environment,pure-go-context-adapter,environment-control,verify with isolated environment/control matrix
+,do_arith,PLUSOP,-1,arithmetic,pure,pure-go-dispatch,typed-signature,derive typed fixture by kernel/opcode/arity vector
-,do_arith,MINUSOP,-1,arithmetic,pure,pure-go-dispatch,typed-signature,derive typed fixture by kernel/opcode/arity vector
*,do_arith,TIMESOP,2,arithmetic,pure,pure-go-dispatch,typed-signature,derive typed fixture by kernel/opcode/arity vector
/,do_arith,DIVOP,2,arithmetic,pure,pure-go-dispatch,typed-signature,derive typed fixture by kernel/opcode/arity vector
^,do_arith,POWOP,2,arithmetic,pure,pure-go-dispatch,typed-signature,derive typed fixture by kernel/opcode/arity vector
%%,do_arith,MODOP,2,arithmetic,pure,pure-go-dispatch,typed-signature,derive typed fixture by kernel/opcode/arity vector
%/%,do_arith,IDIVOP,2,arithmetic,pure,pure-go-dispatch,typed-signature,derive typed fixture by kernel/opcode/arity vector
%*%,do_matprod,0,2,matrix,pure,pure-go-dispatch,typed-signature,derive typed fixture by kernel/opcode/arity vector
==,do_relop,EQOP,2,relational,pure,pure-go-dispatch,typed-signature,derive typed fixture by kernel/opcode/arity vector
!=,do_relop,NEOP,2,relational,pure,pure-go-dispatch,typed-signature,derive typed fixture by kernel/opcode/arity vector
<,do_relop,LTOP,2,relational,pure,pure-go-dispatch,typed-signature,derive typed fixture by kernel/opcode/arity vector
<=,do_relop,LEOP,2,relational,pure,pure-go-dispatch,typed-signature,derive typed fixture by kernel/opcode/arity vector
>=,do_relop,GEOP,2,relational,pure,pure-go-dispatch,typed-signature,derive typed fixture by kernel/opcode/arity vector
>,do_relop,GTOP,2,relational,pure,pure-go-dispatch,typed-signature,derive typed fixture by kernel/opcode/arity vector
&,do_logic,1,2,logical,pure,pure-go-dispatch,typed-signature,derive typed fixture by kernel/opcode/arity vector
|,do_logic,2,2,logical,pure,pure-go-dispatch,typed-signature,derive typed fixture by kernel/opcode/arity vector
!,do_logic,3,1,logical,pure,pure-go-dispatch,typed-signature,derive typed fixture by kernel/opcode/arity vector
&&,do_logic2,1,2,logical-short-circuit,pure,pure-go-dispatch,typed-signature,derive typed fixture by kernel/opcode/arity vector
||,do_logic2,2,2,logical-short-circuit,pure,pure-go-dispatch,typed-signature,derive typed fixture by kernel/opcode/arity vector
:,do_colon,0,2,runtime,pure,pure-go-dispatch,typed-signature,derive typed fixture by kernel/opcode/arity vector
~,do_tilde,0,-1,language,control-or-environment,pure-go-context-adapter,environment-control,verify with isolated environment/control matrix
::,do_colon2,0,2,language,control-or-environment,pure-go-context-adapter,environment-control,verify with isolated environment/control matrix
:::,do_colon3,0,2,language,control-or-environment,pure-go-context-adapter,environment-control,verify with isolated environment/control matrix
all,do_logic3,1,-1,logical-reduction,pure,pure-go-dispatch,typed-signature,derive typed fixture by kernel/opcode/arity vector
any,do_logic3,2,-1,logical-reduction,pure,pure-go-dispatch,typed-signature,derive typed fixture by kernel/opcode/arity vector
...elt,do_dotsElt,0,1,environment,environment,pure-go-context-adapter,environment-control,verify with isolated environment/control matrix
...length,do_dotsLength,0,0,environment,environment,pure-go-context-adapter,environment-control,verify with isolated environment/control matrix
...names,do_dotsNames,0,0,attribute,pure,pure-go-dispatch,typed-signature,derive typed fixture by kernel/opcode/arity vector
length,do_length,0,1,matrix,pure,pure-go-dispatch,typed-signature,derive typed fixture by kernel/opcode/arity vector
length<-,do_lengthgets,0,2,replacement,environment,pure-go-context-adapter,environment-control,verify with isolated environment/control matrix
oldClass,do_class,0,1,attribute,pure,pure-go-dispatch,typed-signature,derive typed fixture by kernel/opcode/arity vector
oldClass<-,do_classgets,0,2,replacement,environment,pure-go-context-adapter,environment-control,verify with isolated environment/control matrix
class,R_do_data_class,0,1,attribute,pure,pure-go-dispatch,typed-signature,derive typed fixture by kernel/opcode/arity vector
.cache_class,R_do_data_class,1,2,attribute,pure,pure-go-family-kernel,typed-signature,derive typed fixture by C entry and offset
.class2,R_do_data_class,2,1,attribute,pure,pure-go-family-kernel,typed-signature,derive typed fixture by C entry and offset
class<-,R_do_set_class,0,2,replacement,environment,pure-go-context-adapter,environment-control,verify with isolated environment/control matrix
unclass,do_unclass,0,1,attribute,pure,pure-go-dispatch,typed-signature,derive typed fixture by kernel/opcode/arity vector
names,do_names,0,1,attribute,pure,pure-go-dispatch,typed-signature,derive typed fixture by kernel/opcode/arity vector
names<-,do_namesgets,0,2,replacement,environment,pure-go-context-adapter,environment-control,verify with isolated environment/control matrix
dimnames,do_dimnames,0,1,attribute,pure,pure-go-dispatch,typed-signature,derive typed fixture by kernel/opcode/arity vector
dimnames<-,do_dimnamesgets,0,2,replacement,environment,pure-go-context-adapter,environment-control,verify with isolated environment/control matrix
dim,do_dim,0,1,attribute,pure,pure-go-dispatch,typed-signature,derive typed fixture by kernel/opcode/arity vector
dim<-,do_dimgets,0,2,replacement,environment,pure-go-context-adapter,environment-control,verify with isolated environment/control matrix
attributes,do_attributes,0,1,attribute,pure,pure-go-dispatch,typed-signature,derive typed fixture by kernel/opcode/arity vector
attributes<-,do_attributesgets,0,2,replacement,environment,pure-go-context-adapter,environment-control,verify with isolated environment/control matrix
attr,do_attr,0,-1,attribute,pure,pure-go-dispatch,typed-signature,derive typed fixture by kernel/opcode/arity vector
attr<-,do_attrgets,0,3,replacement,environment,pure-go-context-adapter,environment-control,verify with isolated environment/control matrix
@<-,do_attrgets,1,3,replacement,environment,pure-go-context-adapter,environment-control,verify with isolated environment/control matrix
levels<-,do_levelsgets,0,2,replacement,environment,pure-go-context-adapter,environment-control,verify with isolated environment/control matrix
vector,do_makevector,0,2,runtime,pure,pure-go-family-kernel,typed-signature,derive typed fixture by C entry and offset
complex,do_complex,0,3,numeric-complex,pure,pure-go-dispatch,typed-signature,derive typed fixture by kernel/opcode/arity vector
matrix,do_matrix,0,7,matrix,pure,pure-go-dispatch,typed-signature,derive typed fixture by kernel/opcode/arity vector
array,do_array,0,3,matrix,pure,pure-go-dispatch,typed-signature,derive typed fixture by kernel/opcode/arity vector
diag,do_diag,0,3,matrix,pure,pure-go-dispatch,typed-signature,derive typed fixture by kernel/opcode/arity vector
backsolve,do_backsolve,0,5,matrix,pure,pure-go-family-kernel,typed-signature,derive typed fixture by C entry and offset
max.col,do_maxcol,0,2,matrix,pure,pure-go-family-kernel,typed-signature,derive typed fixture by C entry and offset
row,do_rowscols,1,1,matrix,pure,pure-go-dispatch,typed-signature,derive typed fixture by kernel/opcode/arity vector
col,do_rowscols,2,1,matrix,pure,pure-go-dispatch,typed-signature,derive typed fixture by kernel/opcode/arity vector
unlist,do_unlist,0,3,combine,pure,pure-go-family-kernel,typed-signature,derive typed fixture by C entry and offset
cbind,do_bind,1,-1,language,control-or-environment,pure-go-context-adapter,environment-control,verify with isolated environment/control matrix
rbind,do_bind,2,-1,language,control-or-environment,pure-go-context-adapter,environment-control,verify with isolated environment/control matrix
drop,do_drop,0,1,matrix,pure,pure-go-dispatch,typed-signature,derive typed fixture by kernel/opcode/arity vector
all.names,do_allnames,0,4,attribute,pure,pure-go-dispatch,typed-signature,derive typed fixture by kernel/opcode/arity vector
comment,do_comment,0,1,attribute,pure,pure-go-dispatch,typed-signature,derive typed fixture by kernel/opcode/arity vector
comment<-,do_commentgets,0,2,replacement,environment,pure-go-context-adapter,environment-control,verify with isolated environment/control matrix
get,do_get,1,4,environment,environment,pure-go-context-adapter,environment-control,verify with isolated environment/control matrix
get0,do_get,2,5,environment,environment,pure-go-context-adapter,environment-control,verify with isolated environment/control matrix
mget,do_mget,1,5,environment,environment,pure-go-context-adapter,environment-control,verify with isolated environment/control matrix
exists,do_get,0,4,environment,environment,pure-go-context-adapter,environment-control,verify with isolated environment/control matrix
assign,do_assign,0,4,environment,environment,pure-go-context-adapter,environment-control,verify with isolated environment/control matrix
list2env,do_list2env,0,2,environment,environment,pure-go-context-adapter,environment-control,verify with isolated environment/control matrix
remove,do_remove,0,3,environment,environment,pure-go-context-adapter,environment-control,verify with isolated environment/control matrix
duplicated,do_duplicated,0,4,matching,pure,pure-go-family-kernel,typed-signature,derive typed fixture by C entry and offset
unique,do_duplicated,1,4,matching,pure,pure-go-family-kernel,typed-signature,derive typed fixture by C entry and offset
anyDuplicated,do_duplicated,2,3,matching,pure,pure-go-family-kernel,typed-signature,derive typed fixture by C entry and offset
anyNA,do_anyNA,0,-1,missingness,pure,pure-go-dispatch,typed-signature,derive typed fixture by kernel/opcode/arity vector
which,do_which,0,1,runtime,pure,pure-go-dispatch,typed-signature,derive typed fixture by kernel/opcode/arity vector
which.min,do_first_min,0,1,runtime,pure,pure-go-family-kernel,typed-signature,derive typed fixture by C entry and offset
pmin,do_pmin,0,-1,reduction,pure,pure-go-dispatch,typed-signature,derive typed fixture by kernel/opcode/arity vector
pmax,do_pmin,1,-1,reduction,pure,pure-go-dispatch,typed-signature,derive typed fixture by kernel/opcode/arity vector
which.max,do_first_min,1,1,runtime,pure,pure-go-family-kernel,typed-signature,derive typed fixture by C entry and offset
match,do_match,0,4,matching,pure,pure-go-family-kernel,typed-signature,derive typed fixture by C entry and offset
pmatch,do_pmatch,0,4,matching,pure,pure-go-family-kernel,typed-signature,derive typed fixture by C entry and offset
charmatch,do_charmatch,0,3,character,pure,pure-go-family-kernel,typed-signature,derive typed fixture by C entry and offset
match.call,do_matchcall,0,4,matching,pure,pure-go-dispatch,typed-signature,derive typed fixture by kernel/opcode/arity vector
crossprod,do_matprod,1,1,matrix,pure,pure-go-dispatch,typed-signature,derive typed fixture by kernel/opcode/arity vector
tcrossprod,do_matprod,2,1,matrix,pure,pure-go-dispatch,typed-signature,derive typed fixture by kernel/opcode/arity vector
asplit,do_asplit,0,8,matrix,pure,pure-go-family-kernel,typed-signature,derive typed fixture by C entry and offset
lengths,do_lengths,0,2,matrix,pure,pure-go-family-kernel,typed-signature,derive typed fixture by C entry and offset
sequence,do_sequence,0,4,runtime,pure,pure-go-dispatch,typed-signature,derive typed fixture by kernel/opcode/arity vector
vhash,do_vhash,0,-1,matching,pure,pure-go-family-kernel,typed-signature,derive typed fixture by C entry and offset
attach,do_attach,0,3,environment,environment,pure-go-context-adapter,environment-control,verify with isolated environment/control matrix
detach,do_detach,0,1,environment,environment,pure-go-context-adapter,environment-control,verify with isolated environment/control matrix
search,do_search,0,0,environment,environment,pure-go-context-adapter,environment-control,verify with isolated environment/control matrix
setFileTime,do_setFileTime,0,2,io,external-io,pure-go-effect-adapter,sandboxed-effect,verify with temporary filesystem/connection matrix
round,do_Math2,10001,-1,numeric-unary,pure,pure-go-dispatch,typed-signature,derive typed fixture by kernel/opcode/arity vector
signif,do_Math2,10004,-1,numeric-unary,pure,pure-go-dispatch,typed-signature,derive typed fixture by kernel/opcode/arity vector
log,do_log,10003,-1,numeric-unary,pure,pure-go-dispatch,typed-signature,derive typed fixture by kernel/opcode/arity vector
log10,do_log1arg,10010,1,numeric-unary,pure,pure-go-dispatch,typed-signature,derive typed fixture by kernel/opcode/arity vector
log2,do_log1arg,10002,1,numeric-unary,pure,pure-go-dispatch,typed-signature,derive typed fixture by kernel/opcode/arity vector
abs,do_abs,6,1,numeric-unary,pure,pure-go-dispatch,typed-signature,derive typed fixture by kernel/opcode/arity vector
floor,do_math1,1,1,numeric-unary,pure,pure-go-dispatch,typed-signature,derive typed fixture by kernel/opcode/arity vector
ceiling,do_math1,2,1,numeric-unary,pure,pure-go-dispatch,typed-signature,derive typed fixture by kernel/opcode/arity vector
sqrt,do_math1,3,1,numeric-unary,pure,pure-go-dispatch,typed-signature,derive typed fixture by kernel/opcode/arity vector
sign,do_math1,4,1,numeric-unary,pure,pure-go-dispatch,typed-signature,derive typed fixture by kernel/opcode/arity vector
trunc,do_trunc,5,-1,numeric-unary,pure,pure-go-dispatch,typed-signature,derive typed fixture by kernel/opcode/arity vector
exp,do_math1,10,1,numeric-unary,pure,pure-go-dispatch,typed-signature,derive typed fixture by kernel/opcode/arity vector
expm1,do_math1,11,1,numeric-unary,pure,pure-go-dispatch,typed-signature,derive typed fixture by kernel/opcode/arity vector
log1p,do_math1,12,1,numeric-unary,pure,pure-go-dispatch,typed-signature,derive typed fixture by kernel/opcode/arity vector
cos,do_math1,20,1,numeric-unary,pure,pure-go-dispatch,typed-signature,derive typed fixture by kernel/opcode/arity vector
sin,do_math1,21,1,numeric-unary,pure,pure-go-dispatch,typed-signature,derive typed fixture by kernel/opcode/arity vector
tan,do_math1,22,1,numeric-unary,pure,pure-go-dispatch,typed-signature,derive typed fixture by kernel/opcode/arity vector
acos,do_math1,23,1,numeric-unary,pure,pure-go-dispatch,typed-signature,derive typed fixture by kernel/opcode/arity vector
asin,do_math1,24,1,numeric-unary,pure,pure-go-dispatch,typed-signature,derive typed fixture by kernel/opcode/arity vector
atan,do_math1,25,1,numeric-unary,pure,pure-go-dispatch,typed-signature,derive typed fixture by kernel/opcode/arity vector
cosh,do_math1,30,1,numeric-unary,pure,pure-go-dispatch,typed-signature,derive typed fixture by kernel/opcode/arity vector
sinh,do_math1,31,1,numeric-unary,pure,pure-go-dispatch,typed-signature,derive typed fixture by kernel/opcode/arity vector
tanh,do_math1,32,1,numeric-unary,pure,pure-go-dispatch,typed-signature,derive typed fixture by kernel/opcode/arity vector
acosh,do_math1,33,1,numeric-unary,pure,pure-go-dispatch,typed-signature,derive typed fixture by kernel/opcode/arity vector
asinh,do_math1,34,1,numeric-unary,pure,pure-go-dispatch,typed-signature,derive typed fixture by kernel/opcode/arity vector
atanh,do_math1,35,1,numeric-unary,pure,pure-go-dispatch,typed-signature,derive typed fixture by kernel/opcode/arity vector
lgamma,do_math1,40,1,numeric-unary,pure,pure-go-dispatch,typed-signature,derive typed fixture by kernel/opcode/arity vector
gamma,do_math1,41,1,numeric-unary,pure,pure-go-dispatch,typed-signature,derive typed fixture by kernel/opcode/arity vector
digamma,do_math1,42,1,numeric-unary,pure,pure-go-dispatch,typed-signature,derive typed fixture by kernel/opcode/arity vector
trigamma,do_math1,43,1,numeric-unary,pure,pure-go-dispatch,typed-signature,derive typed fixture by kernel/opcode/arity vector
cospi,do_math1,47,1,numeric-unary,pure,pure-go-dispatch,typed-signature,derive typed fixture by kernel/opcode/arity vector
sinpi,do_math1,48,1,numeric-unary,pure,pure-go-dispatch,typed-signature,derive typed fixture by kernel/opcode/arity vector
tanpi,do_math1,49,1,numeric-unary,pure,pure-go-dispatch,typed-signature,derive typed fixture by kernel/opcode/arity vector
atan2,do_math2,0,2,numeric-binary,pure,pure-go-dispatch,typed-signature,derive typed fixture by kernel/opcode/arity vector
lbeta,do_math2,2,2,numeric-binary,pure,pure-go-dispatch,typed-signature,derive typed fixture by kernel/opcode/arity vector
beta,do_math2,3,2,numeric-binary,pure,pure-go-dispatch,typed-signature,derive typed fixture by kernel/opcode/arity vector
lchoose,do_math2,4,2,numeric-binary,pure,pure-go-dispatch,typed-signature,derive typed fixture by kernel/opcode/arity vector
choose,do_math2,5,2,numeric-binary,pure,pure-go-dispatch,typed-signature,derive typed fixture by kernel/opcode/arity vector
besselJ,do_math2,24,2,numeric-binary,pure,pure-go-dispatch,typed-signature,derive typed fixture by kernel/opcode/arity vector
besselY,do_math2,25,2,numeric-binary,pure,pure-go-dispatch,typed-signature,derive typed fixture by kernel/opcode/arity vector
psigamma,do_math2,26,2,numeric-binary,pure,pure-go-dispatch,typed-signature,derive typed fixture by kernel/opcode/arity vector
Re,do_cmathfuns,1,1,numeric-complex,pure,pure-go-dispatch,typed-signature,derive typed fixture by kernel/opcode/arity vector
Im,do_cmathfuns,2,1,numeric-complex,pure,pure-go-dispatch,typed-signature,derive typed fixture by kernel/opcode/arity vector
Mod,do_cmathfuns,3,1,numeric-complex,pure,pure-go-dispatch,typed-signature,derive typed fixture by kernel/opcode/arity vector
Arg,do_cmathfuns,4,1,numeric-complex,pure,pure-go-dispatch,typed-signature,derive typed fixture by kernel/opcode/arity vector
Conj,do_cmathfuns,5,1,numeric-complex,pure,pure-go-dispatch,typed-signature,derive typed fixture by kernel/opcode/arity vector
besselI,do_math3,43,3,numeric-ternary,pure,pure-go-family-kernel,typed-signature,derive typed fixture by C entry and offset
besselK,do_math3,44,3,numeric-ternary,pure,pure-go-family-kernel,typed-signature,derive typed fixture by C entry and offset
rchisq,do_random1,0,2,random,rng-state,pure-go-family-kernel,typed-signature,derive typed fixture by C entry and offset
rexp,do_random1,1,2,random,rng-state,pure-go-family-kernel,typed-signature,derive typed fixture by C entry and offset
rgeom,do_random1,2,2,random,rng-state,pure-go-family-kernel,typed-signature,derive typed fixture by C entry and offset
rpois,do_random1,3,2,random,rng-state,pure-go-family-kernel,typed-signature,derive typed fixture by C entry and offset
rt,do_random1,4,2,random,rng-state,pure-go-family-kernel,typed-signature,derive typed fixture by C entry and offset
rsignrank,do_random1,5,2,random,rng-state,pure-go-family-kernel,typed-signature,derive typed fixture by C entry and offset
rbeta,do_random2,0,3,random,rng-state,pure-go-family-kernel,typed-signature,derive typed fixture by C entry and offset
rbinom,do_random2,1,3,random,rng-state,pure-go-family-kernel,typed-signature,derive typed fixture by C entry and offset
rcauchy,do_random2,2,3,random,rng-state,pure-go-family-kernel,typed-signature,derive typed fixture by C entry and offset
rf,do_random2,3,3,random,rng-state,pure-go-family-kernel,typed-signature,derive typed fixture by C entry and offset
rgamma,do_random2,4,3,random,rng-state,pure-go-family-kernel,typed-signature,derive typed fixture by C entry and offset
rlnorm,do_random2,5,3,random,rng-state,pure-go-family-kernel,typed-signature,derive typed fixture by C entry and offset
rlogis,do_random2,6,3,random,rng-state,pure-go-family-kernel,typed-signature,derive typed fixture by C entry and offset
rnbinom,do_random2,7,3,random,rng-state,pure-go-family-kernel,typed-signature,derive typed fixture by C entry and offset
rnbinom_mu,do_random2,13,3,random,rng-state,pure-go-family-kernel,typed-signature,derive typed fixture by C entry and offset
rnchisq,do_random2,12,3,random,rng-state,pure-go-family-kernel,typed-signature,derive typed fixture by C entry and offset
rnorm,do_random2,8,3,random,rng-state,pure-go-family-kernel,typed-signature,derive typed fixture by C entry and offset
runif,do_random2,9,3,random,rng-state,pure-go-family-kernel,typed-signature,derive typed fixture by C entry and offset
rweibull,do_random2,10,3,random,rng-state,pure-go-family-kernel,typed-signature,derive typed fixture by C entry and offset
rwilcox,do_random2,11,3,random,rng-state,pure-go-family-kernel,typed-signature,derive typed fixture by C entry and offset
rhyper,do_random3,0,4,random,rng-state,pure-go-family-kernel,typed-signature,derive typed fixture by C entry and offset
sample,do_sample,0,4,random,rng-state,pure-go-family-kernel,typed-signature,derive typed fixture by C entry and offset
sample2,do_sample2,0,2,random,rng-state,pure-go-family-kernel,typed-signature,derive typed fixture by C entry and offset
RNGkind,do_RNGkind,0,4,random,rng-state,pure-go-family-kernel,typed-signature,derive typed fixture by C entry and offset
set.seed,do_setseed,0,5,random,rng-state,pure-go-family-kernel,typed-signature,derive typed fixture by C entry and offset
sum,do_summary,0,-1,reduction,pure,pure-go-dispatch,typed-signature,derive typed fixture by kernel/opcode/arity vector
min,do_summary,2,-1,reduction,pure,pure-go-dispatch,typed-signature,derive typed fixture by kernel/opcode/arity vector
max,do_summary,3,-1,reduction,pure,pure-go-dispatch,typed-signature,derive typed fixture by kernel/opcode/arity vector
prod,do_summary,4,-1,reduction,pure,pure-go-dispatch,typed-signature,derive typed fixture by kernel/opcode/arity vector
mean,do_summary,1,1,reduction,pure,pure-go-dispatch,typed-signature,derive typed fixture by kernel/opcode/arity vector
range,do_range,0,-1,runtime,pure,pure-go-dispatch,typed-signature,derive typed fixture by kernel/opcode/arity vector
cumsum,do_cum,1,1,cumulative,pure,pure-go-dispatch,typed-signature,derive typed fixture by kernel/opcode/arity vector
cumprod,do_cum,2,1,cumulative,pure,pure-go-dispatch,typed-signature,derive typed fixture by kernel/opcode/arity vector
cummax,do_cum,3,1,cumulative,pure,pure-go-dispatch,typed-signature,derive typed fixture by kernel/opcode/arity vector
cummin,do_cum,4,1,cumulative,pure,pure-go-dispatch,typed-signature,derive typed fixture by kernel/opcode/arity vector
cumvar,do_cum,5,1,cumulative,pure,pure-go-dispatch,typed-signature,derive typed fixture by kernel/opcode/arity vector
as.character,do_asatomic,0,-1,coercion-atomic,pure,pure-go-dispatch,typed-signature,derive typed fixture by kernel/opcode/arity vector
as.integer,do_asatomic,1,-1,coercion-atomic,pure,pure-go-dispatch,typed-signature,derive typed fixture by kernel/opcode/arity vector
as.double,do_asatomic,2,-1,coercion-atomic,pure,pure-go-dispatch,typed-signature,derive typed fixture by kernel/opcode/arity vector
as.numeric,do_asatomic,2,-1,coercion-atomic,pure,pure-go-dispatch,typed-signature,derive typed fixture by kernel/opcode/arity vector
as.complex,do_asatomic,3,-1,coercion-atomic,pure,pure-go-dispatch,typed-signature,derive typed fixture by kernel/opcode/arity vector
as.logical,do_asatomic,4,-1,coercion-atomic,pure,pure-go-dispatch,typed-signature,derive typed fixture by kernel/opcode/arity vector
as.raw,do_asatomic,5,1,coercion-atomic,pure,pure-go-dispatch,typed-signature,derive typed fixture by kernel/opcode/arity vector
as.call,do_ascall,0,1,runtime,pure,pure-go-family-kernel,typed-signature,derive typed fixture by C entry and offset
as.environment,do_as_environment,0,1,environment,environment,pure-go-context-adapter,environment-control,verify with isolated environment/control matrix
storage.mode<-,do_storage_mode,0,2,replacement,environment,pure-go-context-adapter,environment-control,verify with isolated environment/control matrix
asCharacterFactor,do_asCharacterFactor,0,1,character,pure,pure-go-family-kernel,typed-signature,derive typed fixture by C entry and offset
as.vector,do_asvector,0,2,coercion-mode,pure,pure-go-dispatch,typed-signature,derive typed fixture by kernel/opcode/arity vector
paste,do_paste,0,4,character,pure,pure-go-dispatch,typed-signature,derive typed fixture by kernel/opcode/arity vector
paste0,do_paste,1,3,character,pure,pure-go-dispatch,typed-signature,derive typed fixture by kernel/opcode/arity vector
file.path,do_filepath,0,2,io,external-io,pure-go-effect-adapter,sandboxed-effect,verify with temporary filesystem/connection matrix
format,do_format,0,9,runtime,pure,pure-go-family-kernel,typed-signature,derive typed fixture by C entry and offset
format.info,do_formatinfo,0,3,runtime,pure,pure-go-dispatch,typed-signature,derive typed fixture by kernel/opcode/arity vector
cat,do_cat,0,6,runtime,pure,pure-go-family-kernel,typed-signature,derive typed fixture by C entry and offset
do.call,do_docall,0,3,runtime,pure,pure-go-dispatch,typed-signature,derive typed fixture by kernel/opcode/arity vector
str2lang,do_str2lang,0,1,character,pure,pure-go-family-kernel,typed-signature,derive typed fixture by C entry and offset
str2expression,do_str2lang,1,1,character,pure,pure-go-family-kernel,typed-signature,derive typed fixture by C entry and offset
nchar,do_nchar,1,4,character,pure,pure-go-family-kernel,typed-signature,derive typed fixture by C entry and offset
nzchar,do_nzchar,1,-1,character,pure,pure-go-family-kernel,typed-signature,derive typed fixture by C entry and offset
substr,do_substr,1,3,character,pure,pure-go-dispatch,typed-signature,derive typed fixture by kernel/opcode/arity vector
startsWith,do_startsWith,0,2,character,pure,pure-go-dispatch,typed-signature,derive typed fixture by kernel/opcode/arity vector
endsWith,do_startsWith,1,2,character,pure,pure-go-dispatch,typed-signature,derive typed fixture by kernel/opcode/arity vector
substr<-,do_substrgets,1,4,replacement,environment,pure-go-context-adapter,environment-control,verify with isolated environment/control matrix
strsplit,do_strsplit,1,5,character,pure,pure-go-family-kernel,typed-signature,derive typed fixture by C entry and offset
abbreviate,do_abbrev,1,3,character,pure,pure-go-family-kernel,typed-signature,derive typed fixture by C entry and offset
make.names,do_makenames,0,2,attribute,pure,pure-go-dispatch,typed-signature,derive typed fixture by kernel/opcode/arity vector
pcre_config,do_pcre_config,1,0,runtime,pure,pure-go-dispatch,typed-signature,derive typed fixture by kernel/opcode/arity vector
grep,do_grep,0,8,character,pure,pure-go-family-kernel,typed-signature,derive typed fixture by C entry and offset
grepl,do_grep,1,8,character,pure,pure-go-family-kernel,typed-signature,derive typed fixture by C entry and offset
grepRaw,do_grepraw,0,8,character,pure,pure-go-dispatch,typed-signature,derive typed fixture by kernel/opcode/arity vector
sub,do_gsub,0,7,character,pure,pure-go-family-kernel,typed-signature,derive typed fixture by C entry and offset
gsub,do_gsub,1,7,character,pure,pure-go-family-kernel,typed-signature,derive typed fixture by C entry and offset
regexpr,do_regexpr,0,6,runtime,pure,pure-go-family-kernel,typed-signature,derive typed fixture by C entry and offset
gregexpr,do_regexpr,1,6,runtime,pure,pure-go-family-kernel,typed-signature,derive typed fixture by C entry and offset
regexec,do_regexec,1,5,runtime,pure,pure-go-family-kernel,typed-signature,derive typed fixture by C entry and offset
agrep,do_agrep,0,8,character,pure,pure-go-family-kernel,typed-signature,derive typed fixture by C entry and offset
agrepl,do_agrep,1,8,character,pure,pure-go-family-kernel,typed-signature,derive typed fixture by C entry and offset
adist,do_adist,1,8,runtime,pure,pure-go-dispatch,typed-signature,derive typed fixture by kernel/opcode/arity vector
aregexec,do_aregexec,1,7,runtime,pure,pure-go-family-kernel,typed-signature,derive typed fixture by C entry and offset
tolower,do_tolower,0,1,character,pure,pure-go-dispatch,typed-signature,derive typed fixture by kernel/opcode/arity vector
toupper,do_tolower,1,1,character,pure,pure-go-dispatch,typed-signature,derive typed fixture by kernel/opcode/arity vector
chartr,do_chartr,1,3,character,pure,pure-go-family-kernel,typed-signature,derive typed fixture by C entry and offset
sprintf,do_sprintf,1,-1,runtime,pure,pure-go-family-kernel,typed-signature,derive typed fixture by C entry and offset
make.unique,do_makeunique,0,2,matching,pure,pure-go-family-kernel,typed-signature,derive typed fixture by C entry and offset
charToRaw,do_charToRaw,1,1,character,pure,pure-go-dispatch,typed-signature,derive typed fixture by kernel/opcode/arity vector
rawToChar,do_rawToChar,1,2,character,pure,pure-go-dispatch,typed-signature,derive typed fixture by kernel/opcode/arity vector
rawShift,do_rawShift,1,2,bitwise,pure,pure-go-family-kernel,typed-signature,derive typed fixture by C entry and offset
intToBits,do_intToBits,1,1,bitwise,pure,pure-go-family-kernel,typed-signature,derive typed fixture by C entry and offset
numToBits,do_numToBits,1,1,bitwise,pure,pure-go-family-kernel,typed-signature,derive typed fixture by C entry and offset
numToInts,do_numToInts,1,1,runtime,pure,pure-go-dispatch,typed-signature,derive typed fixture by kernel/opcode/arity vector
rawToBits,do_rawToBits,1,1,bitwise,pure,pure-go-family-kernel,typed-signature,derive typed fixture by C entry and offset
packBits,do_packBits,1,2,bitwise,pure,pure-go-family-kernel,typed-signature,derive typed fixture by C entry and offset
utf8ToInt,do_utf8ToInt,1,1,character,pure,pure-go-family-kernel,typed-signature,derive typed fixture by C entry and offset
intToUtf8,do_intToUtf8,1,3,character,pure,pure-go-family-kernel,typed-signature,derive typed fixture by C entry and offset
validUTF8,do_validUTF8,1,1,character,pure,pure-go-family-kernel,typed-signature,derive typed fixture by C entry and offset
validEnc,do_validEnc,1,1,runtime,pure,pure-go-dispatch,typed-signature,derive typed fixture by kernel/opcode/arity vector
encodeString,do_encodeString,1,5,character,pure,pure-go-family-kernel,typed-signature,derive typed fixture by C entry and offset
iconv,do_iconv,0,6,system,external-system,pure-go-effect-adapter,sandboxed-effect,verify with temporary filesystem/connection matrix
strtrim,do_strtrim,0,2,character,pure,pure-go-family-kernel,typed-signature,derive typed fixture by C entry and offset
strtoi,do_strtoi,0,2,character,pure,pure-go-family-kernel,typed-signature,derive typed fixture by C entry and offset
strrep,do_strrep,0,2,character,pure,pure-go-family-kernel,typed-signature,derive typed fixture by C entry and offset
is.null,do_is,NILSXP,1,predicate,pure,pure-go-dispatch,typed-signature,derive typed fixture by kernel/opcode/arity vector
is.logical,do_is,LGLSXP,1,predicate,pure,pure-go-dispatch,typed-signature,derive typed fixture by kernel/opcode/arity vector
is.integer,do_is,INTSXP,1,predicate,pure,pure-go-dispatch,typed-signature,derive typed fixture by kernel/opcode/arity vector
is.double,do_is,REALSXP,1,predicate,pure,pure-go-dispatch,typed-signature,derive typed fixture by kernel/opcode/arity vector
is.complex,do_is,CPLXSXP,1,predicate,pure,pure-go-dispatch,typed-signature,derive typed fixture by kernel/opcode/arity vector
is.character,do_is,STRSXP,1,predicate,pure,pure-go-dispatch,typed-signature,derive typed fixture by kernel/opcode/arity vector
is.symbol,do_is,SYMSXP,1,predicate,pure,pure-go-dispatch,typed-signature,derive typed fixture by kernel/opcode/arity vector
is.name,do_is,SYMSXP,1,predicate,pure,pure-go-dispatch,typed-signature,derive typed fixture by kernel/opcode/arity vector
is.environment,do_is,ENVSXP,1,predicate,pure,pure-go-dispatch,typed-signature,derive typed fixture by kernel/opcode/arity vector
is.list,do_is,VECSXP,1,predicate,pure,pure-go-dispatch,typed-signature,derive typed fixture by kernel/opcode/arity vector
is.pairlist,do_is,LISTSXP,1,predicate,pure,pure-go-dispatch,typed-signature,derive typed fixture by kernel/opcode/arity vector
is.expression,do_is,EXPRSXP,1,predicate,pure,pure-go-dispatch,typed-signature,derive typed fixture by kernel/opcode/arity vector
is.raw,do_is,RAWSXP,1,predicate,pure,pure-go-dispatch,typed-signature,derive typed fixture by kernel/opcode/arity vector
is.object,do_is,50,1,predicate,pure,pure-go-dispatch,typed-signature,derive typed fixture by kernel/opcode/arity vector
isS4,do_is,51,1,predicate,pure,pure-go-dispatch,typed-signature,derive typed fixture by kernel/opcode/arity vector
is.numeric,do_is,100,1,predicate,pure,pure-go-dispatch,typed-signature,derive typed fixture by kernel/opcode/arity vector
is.matrix,do_is,101,1,predicate,pure,pure-go-dispatch,typed-signature,derive typed fixture by kernel/opcode/arity vector
is.array,do_is,102,1,predicate,pure,pure-go-dispatch,typed-signature,derive typed fixture by kernel/opcode/arity vector
is.atomic,do_is,200,1,predicate,pure,pure-go-dispatch,typed-signature,derive typed fixture by kernel/opcode/arity vector
is.recursive,do_is,201,1,predicate,pure,pure-go-dispatch,typed-signature,derive typed fixture by kernel/opcode/arity vector
is.call,do_is,300,1,predicate,pure,pure-go-dispatch,typed-signature,derive typed fixture by kernel/opcode/arity vector
is.language,do_is,301,1,predicate,pure,pure-go-dispatch,typed-signature,derive typed fixture by kernel/opcode/arity vector
is.function,do_is,302,1,predicate,pure,pure-go-dispatch,typed-signature,derive typed fixture by kernel/opcode/arity vector
is.single,do_is,999,1,predicate,pure,pure-go-dispatch,typed-signature,derive typed fixture by kernel/opcode/arity vector
is.na,do_isna,0,1,missingness,pure,pure-go-dispatch,typed-signature,derive typed fixture by kernel/opcode/arity vector
is.nan,do_isnan,0,1,numeric-predicate,pure,pure-go-dispatch,typed-signature,derive typed fixture by kernel/opcode/arity vector
is.finite,do_isfinite,0,1,numeric-predicate,pure,pure-go-dispatch,typed-signature,derive typed fixture by kernel/opcode/arity vector
is.infinite,do_isinfinite,0,1,numeric-predicate,pure,pure-go-dispatch,typed-signature,derive typed fixture by kernel/opcode/arity vector
is.vector,do_isvector,0,2,runtime,pure,pure-go-dispatch,typed-signature,derive typed fixture by kernel/opcode/arity vector
proc.time,do_proctime,0,0,system,external-system,pure-go-effect-adapter,sandboxed-effect,verify with temporary filesystem/connection matrix
gc.time,do_gctime,0,-1,runtime,pure,pure-go-dispatch,typed-signature,derive typed fixture by kernel/opcode/arity vector
withVisible,do_withVisible,1,1,language,control-or-environment,pure-go-context-adapter,environment-control,verify with isolated environment/control matrix
expression,do_expression,1,-1,language,control-or-environment,pure-go-context-adapter,environment-control,verify with isolated environment/control matrix
interactive,do_interactive,0,0,system,external-system,pure-go-effect-adapter,sandboxed-effect,verify with temporary filesystem/connection matrix
invisible,do_invisible,0,1,runtime,pure,pure-go-family-kernel,typed-signature,derive typed fixture by C entry and offset
rep,do_rep,0,-1,language,control-or-environment,pure-go-context-adapter,environment-control,verify with isolated environment/control matrix
rep.int,do_rep_int,0,2,runtime,pure,pure-go-family-kernel,typed-signature,derive typed fixture by C entry and offset
rep_len,do_rep_len,0,2,runtime,pure,pure-go-family-kernel,typed-signature,derive typed fixture by C entry and offset
seq.int,do_seq,0,-1,runtime,pure,pure-go-dispatch,typed-signature,derive typed fixture by kernel/opcode/arity vector
seq_len,do_seq_len,0,1,runtime,pure,pure-go-family-kernel,typed-signature,derive typed fixture by C entry and offset
seq_along,do_seq_along,0,1,runtime,pure,pure-go-dispatch,typed-signature,derive typed fixture by kernel/opcode/arity vector
list,do_makelist,1,-1,runtime,pure,pure-go-dispatch,typed-signature,derive typed fixture by kernel/opcode/arity vector
xtfrm,do_xtfrm,0,1,ordering,pure,pure-go-family-kernel,typed-signature,derive typed fixture by C entry and offset
enc2native,do_enc2,0,1,runtime,pure,pure-go-family-kernel,typed-signature,derive typed fixture by C entry and offset
enc2utf8,do_enc2,1,1,runtime,pure,pure-go-family-kernel,typed-signature,derive typed fixture by C entry and offset
emptyenv,do_emptyenv,0,0,environment,environment,pure-go-context-adapter,environment-control,verify with isolated environment/control matrix
baseenv,do_baseenv,0,0,environment,environment,pure-go-context-adapter,environment-control,verify with isolated environment/control matrix
globalenv,do_globalenv,0,0,environment,environment,pure-go-context-adapter,environment-control,verify with isolated environment/control matrix
environment<-,do_envirgets,0,2,replacement,environment,pure-go-context-adapter,environment-control,verify with isolated environment/control matrix
pos.to.env,do_pos2env,0,1,environment,environment,pure-go-context-adapter,environment-control,verify with isolated environment/control matrix
.C,do_dotCode,0,-1,runtime,pure,defined-pure-go-error,native-abi,preserve explicit boundary; requires cgo/plugin for execution
.Fortran,do_dotCode,1,-1,runtime,pure,defined-pure-go-error,native-abi,preserve explicit boundary; requires cgo/plugin for execution
.External,do_External,0,-1,runtime,pure,defined-pure-go-error,native-abi,preserve explicit boundary; requires cgo/plugin for execution
.External2,do_External,1,-1,runtime,pure,defined-pure-go-error,native-abi,preserve explicit boundary; requires cgo/plugin for execution
.Call,do_dotcall,0,-1,runtime,pure,defined-pure-go-error,native-abi,preserve explicit boundary; requires cgo/plugin for execution
.External.graphics,do_Externalgr,0,-1,runtime,pure,defined-pure-go-error,native-abi,preserve explicit boundary; requires cgo/plugin for execution
.Call.graphics,do_dotcallgr,0,-1,runtime,pure,defined-pure-go-error,native-abi,preserve explicit boundary; requires cgo/plugin for execution
eapply,do_eapply,0,4,language,control-or-environment,pure-go-context-adapter,environment-control,verify with isolated environment/control matrix
lapply,do_lapply,0,2,language,control-or-environment,pure-go-context-adapter,environment-control,verify with isolated environment/control matrix
vapply,do_vapply,0,4,language,control-or-environment,pure-go-context-adapter,environment-control,verify with isolated environment/control matrix
mapply,do_mapply,0,3,runtime,pure,pure-go-dispatch,typed-signature,derive typed fixture by kernel/opcode/arity vector
Version,do_version,0,0,runtime,pure,pure-go-dispatch,typed-signature,derive typed fixture by kernel/opcode/arity vector
machine,do_machine,0,0,runtime,pure,pure-go-dispatch,typed-signature,derive typed fixture by kernel/opcode/arity vector
commandArgs,do_commandArgs,0,0,runtime,pure,pure-go-dispatch,typed-signature,derive typed fixture by kernel/opcode/arity vector
internalsID,do_internalsID,0,0,runtime,pure,pure-go-dispatch,typed-signature,derive typed fixture by kernel/opcode/arity vector
system,do_system,0,7,runtime,pure,pure-go-dispatch,typed-signature,derive typed fixture by kernel/opcode/arity vector
system,do_system,0,4,runtime,pure,pure-go-dispatch,typed-signature,derive typed fixture by kernel/opcode/arity vector
shell.exec,do_shellexec,0,1,runtime,pure,pure-go-dispatch,typed-signature,derive typed fixture by kernel/opcode/arity vector
Sys.which,do_syswhich,0,1,runtime,pure,pure-go-dispatch,typed-signature,derive typed fixture by kernel/opcode/arity vector
mkjunction,do_mkjunction,0,2,system,external-system,pure-go-effect-adapter,sandboxed-effect,verify with temporary filesystem/connection matrix
tzone_name,do_tzone_name,0,0,runtime,pure,pure-go-dispatch,typed-signature,derive typed fixture by kernel/opcode/arity vector
parse,do_parse,0,6,runtime,pure,pure-go-dispatch,typed-signature,derive typed fixture by kernel/opcode/arity vector
parse_Rd,do_parseRd,0,7,runtime,pure,defined-pure-go-error,gnu-r-subsystem,preserve explicit boundary; implement only with an independent parser
deparseRd,do_deparseRd,0,2,runtime,pure,pure-go-dispatch,typed-signature,derive typed fixture by kernel/opcode/arity vector
parseLatex,do_parseLatex,0,5,runtime,pure,defined-pure-go-error,gnu-r-subsystem,preserve explicit boundary; implement only with an independent parser
save,do_save,0,6,serialization,external-io,pure-go-effect-adapter,sandboxed-effect,verify with temporary filesystem/connection matrix
saveToConn,do_saveToConn,0,6,serialization,external-io,pure-go-effect-adapter,sandboxed-effect,verify with temporary filesystem/connection matrix
load,do_load,0,2,serialization,external-io,pure-go-effect-adapter,sandboxed-effect,verify with temporary filesystem/connection matrix
loadFromConn2,do_loadFromConn2,0,3,serialization,external-io,pure-go-effect-adapter,sandboxed-effect,verify with temporary filesystem/connection matrix
loadInfoFromConn2,do_loadFromConn2,1,1,serialization,external-io,pure-go-effect-adapter,sandboxed-effect,verify with temporary filesystem/connection matrix
serializeToConn,do_serializeToConn,0,5,serialization,external-io,pure-go-effect-adapter,sandboxed-effect,verify with temporary filesystem/connection matrix
unserializeFromConn,do_unserializeFromConn,0,2,serialization,external-io,pure-go-effect-adapter,sandboxed-effect,verify with temporary filesystem/connection matrix
serializeInfoFromConn,do_unserializeFromConn,1,1,serialization,external-io,pure-go-effect-adapter,sandboxed-effect,verify with temporary filesystem/connection matrix
deparse,do_deparse,0,5,runtime,pure,pure-go-family-kernel,typed-signature,derive typed fixture by C entry and offset
dput,do_dput,0,3,runtime,pure,pure-go-dispatch,typed-signature,derive typed fixture by kernel/opcode/arity vector
dump,do_dump,0,5,runtime,pure,pure-go-dispatch,typed-signature,derive typed fixture by kernel/opcode/arity vector
quit,do_quit,0,3,runtime,pure,pure-go-dispatch,typed-signature,derive typed fixture by kernel/opcode/arity vector
readline,do_readln,0,1,io,external-io,pure-go-effect-adapter,sandboxed-effect,verify with temporary filesystem/connection matrix
print.default,do_printdefault,0,3,runtime,pure,pure-go-dispatch,typed-signature,derive typed fixture by kernel/opcode/arity vector
prmatrix,do_prmatrix,0,6,matrix,pure,pure-go-dispatch,typed-signature,derive typed fixture by kernel/opcode/arity vector
gc,do_gc,0,3,runtime,pure,pure-go-dispatch,typed-signature,derive typed fixture by kernel/opcode/arity vector
gcinfo,do_gcinfo,0,1,runtime,pure,pure-go-dispatch,typed-signature,derive typed fixture by kernel/opcode/arity vector
gctorture,do_gctorture,0,1,runtime,pure,pure-go-dispatch,typed-signature,derive typed fixture by kernel/opcode/arity vector
gctorture2,do_gctorture2,0,3,runtime,pure,pure-go-dispatch,typed-signature,derive typed fixture by kernel/opcode/arity vector
memory.profile,do_memoryprofile,0,0,io,external-io,pure-go-effect-adapter,sandboxed-effect,verify with temporary filesystem/connection matrix
mem.maxVSize,do_maxVSize,0,1,runtime,pure,pure-go-dispatch,typed-signature,derive typed fixture by kernel/opcode/arity vector
mem.maxNSize,do_maxNSize,0,1,runtime,pure,pure-go-dispatch,typed-signature,derive typed fixture by kernel/opcode/arity vector
split,do_split,0,2,runtime,pure,pure-go-family-kernel,typed-signature,derive typed fixture by C entry and offset
is.loaded,do_isloaded,0,-1,serialization,external-io,pure-go-effect-adapter,sandboxed-effect,verify with temporary filesystem/connection matrix
recordGraphics,do_recordGraphics,0,3,runtime,pure,pure-go-dispatch,typed-signature,derive typed fixture by kernel/opcode/arity vector
dyn.load,do_dynload,0,4,serialization,external-io,defined-pure-go-error,native-abi,preserve explicit boundary; requires cgo/plugin for execution
dyn.unload,do_dynunload,0,1,serialization,external-io,defined-pure-go-error,native-abi,preserve explicit boundary; requires cgo/plugin for execution
ls,do_ls,1,3,environment,environment,pure-go-context-adapter,environment-control,verify with isolated environment/control matrix
typeof,do_typeof,1,1,runtime,pure,pure-go-dispatch,typed-signature,derive typed fixture by kernel/opcode/arity vector
eval,do_eval,0,3,language,control-or-environment,pure-go-context-adapter,environment-control,verify with isolated environment/control matrix
Exec,do_tailcall,0,-1,language,control-or-environment,pure-go-context-adapter,environment-control,verify with isolated environment/control matrix
Tailcall,do_tailcall,1,-1,language,control-or-environment,pure-go-context-adapter,environment-control,verify with isolated environment/control matrix
returnValue,do_returnValue,0,1,language,control-or-environment,pure-go-context-adapter,environment-control,verify with isolated environment/control matrix
sys.parent,do_sys,1,-1,runtime,pure,pure-go-dispatch,typed-signature,derive typed fixture by kernel/opcode/arity vector
sys.call,do_sys,2,-1,runtime,pure,pure-go-dispatch,typed-signature,derive typed fixture by kernel/opcode/arity vector
sys.frame,do_sys,3,-1,runtime,pure,pure-go-dispatch,typed-signature,derive typed fixture by kernel/opcode/arity vector
sys.nframe,do_sys,4,-1,runtime,pure,pure-go-dispatch,typed-signature,derive typed fixture by kernel/opcode/arity vector
sys.calls,do_sys,5,-1,runtime,pure,pure-go-dispatch,typed-signature,derive typed fixture by kernel/opcode/arity vector
sys.frames,do_sys,6,-1,runtime,pure,pure-go-dispatch,typed-signature,derive typed fixture by kernel/opcode/arity vector
sys.on.exit,do_sys,7,-1,runtime,pure,pure-go-dispatch,typed-signature,derive typed fixture by kernel/opcode/arity vector
sys.parents,do_sys,8,-1,runtime,pure,pure-go-dispatch,typed-signature,derive typed fixture by kernel/opcode/arity vector
sys.function,do_sys,9,-1,runtime,pure,pure-go-dispatch,typed-signature,derive typed fixture by kernel/opcode/arity vector
traceback,do_traceback,0,1,runtime,pure,pure-go-dispatch,typed-signature,derive typed fixture by kernel/opcode/arity vector
browserText,do_sysbrowser,1,1,runtime,pure,pure-go-dispatch,typed-signature,derive typed fixture by kernel/opcode/arity vector
browserCondition,do_sysbrowser,2,1,runtime,pure,pure-go-dispatch,typed-signature,derive typed fixture by kernel/opcode/arity vector
browserSetDebug,do_sysbrowser,3,1,runtime,pure,pure-go-dispatch,typed-signature,derive typed fixture by kernel/opcode/arity vector
parent.frame,do_parentframe,0,1,runtime,pure,pure-go-dispatch,typed-signature,derive typed fixture by kernel/opcode/arity vector
sort,do_sort,1,2,ordering,pure,pure-go-family-kernel,typed-signature,derive typed fixture by C entry and offset
is.unsorted,do_isunsorted,0,3,ordering,pure,pure-go-family-kernel,typed-signature,derive typed fixture by C entry and offset
sorted_fpass,do_sorted_fpass,0,3,ordering,pure,pure-go-family-kernel,typed-signature,derive typed fixture by C entry and offset
psort,do_psort,0,2,ordering,pure,pure-go-family-kernel,typed-signature,derive typed fixture by C entry and offset
qsort,do_qsort,0,2,runtime,pure,pure-go-dispatch,typed-signature,derive typed fixture by kernel/opcode/arity vector
radixsort,do_radixsort,0,-1,runtime,pure,pure-go-dispatch,typed-signature,derive typed fixture by kernel/opcode/arity vector
order,do_order,0,-1,ordering,pure,pure-go-family-kernel,typed-signature,derive typed fixture by C entry and offset
rank,do_rank,0,3,ordering,pure,pure-go-family-kernel,typed-signature,derive typed fixture by C entry and offset
scan,do_scan,0,19,runtime,pure,pure-go-dispatch,typed-signature,derive typed fixture by kernel/opcode/arity vector
t.default,do_transpose,0,1,matrix,pure,pure-go-dispatch,typed-signature,derive typed fixture by kernel/opcode/arity vector
aperm,do_aperm,0,3,matrix,pure,pure-go-dispatch,typed-signature,derive typed fixture by kernel/opcode/arity vector
builtins,do_builtins,0,1,environment,environment,pure-go-context-adapter,environment-control,verify with isolated environment/control matrix
args,do_args,0,1,runtime,pure,pure-go-dispatch,typed-signature,derive typed fixture by kernel/opcode/arity vector
formals,do_formals,0,1,runtime,pure,pure-go-dispatch,typed-signature,derive typed fixture by kernel/opcode/arity vector
body,do_body,0,1,runtime,pure,pure-go-dispatch,typed-signature,derive typed fixture by kernel/opcode/arity vector
bodyCode,do_bodyCode,0,1,runtime,pure,pure-go-dispatch,typed-signature,derive typed fixture by kernel/opcode/arity vector
environment,do_envir,0,1,environment,environment,pure-go-context-adapter,environment-control,verify with isolated environment/control matrix
environmentName,do_envirName,0,1,environment,environment,pure-go-context-adapter,environment-control,verify with isolated environment/control matrix
env2list,do_env2list,0,3,environment,environment,pure-go-context-adapter,environment-control,verify with isolated environment/control matrix
reg.finalizer,do_regFinaliz,0,3,runtime,pure,pure-go-dispatch,typed-signature,derive typed fixture by kernel/opcode/arity vector
options,do_options,0,-1,runtime,pure,pure-go-family-kernel,typed-signature,derive typed fixture by C entry and offset
getOption,do_getOption,0,1,environment,environment,pure-go-context-adapter,environment-control,verify with isolated environment/control matrix
sink,do_sink,0,4,io,external-io,pure-go-effect-adapter,sandboxed-effect,verify with temporary filesystem/connection matrix
sink.number,do_sinknumber,0,1,io,external-io,pure-go-effect-adapter,sandboxed-effect,verify with temporary filesystem/connection matrix
rapply,do_rapply,0,5,iteration,pure,pure-go-dispatch,typed-signature,derive typed fixture by kernel/opcode/arity vector
islistfactor,do_islistfactor,0,2,iteration,pure,pure-go-dispatch,typed-signature,derive typed fixture by kernel/opcode/arity vector
colSums,do_colsum,0,4,reduction,pure,pure-go-dispatch,typed-signature,derive typed fixture by kernel/opcode/arity vector
colMeans,do_colsum,1,4,reduction,pure,pure-go-dispatch,typed-signature,derive typed fixture by kernel/opcode/arity vector
rowSums,do_colsum,2,4,reduction,pure,pure-go-dispatch,typed-signature,derive typed fixture by kernel/opcode/arity vector
rowMeans,do_colsum,3,4,reduction,pure,pure-go-dispatch,typed-signature,derive typed fixture by kernel/opcode/arity vector
tracemem,do_tracemem,0,1,runtime,pure,pure-go-dispatch,typed-signature,derive typed fixture by kernel/opcode/arity vector
retracemem,do_retracemem,0,-1,runtime,pure,pure-go-dispatch,typed-signature,derive typed fixture by kernel/opcode/arity vector
untracemem,do_untracemem,0,1,runtime,pure,pure-go-dispatch,typed-signature,derive typed fixture by kernel/opcode/arity vector
inspect,do_inspect,0,-1,runtime,pure,pure-go-dispatch,typed-signature,derive typed fixture by kernel/opcode/arity vector
address,do_address,0,1,runtime,pure,pure-go-dispatch,typed-signature,derive typed fixture by kernel/opcode/arity vector
named,do_named,0,1,runtime,pure,pure-go-dispatch,typed-signature,derive typed fixture by kernel/opcode/arity vector
refcnt,do_refcnt,0,1,runtime,pure,pure-go-dispatch,typed-signature,derive typed fixture by kernel/opcode/arity vector
merge,do_merge,0,4,runtime,pure,pure-go-dispatch,typed-signature,derive typed fixture by kernel/opcode/arity vector
capabilities,do_capabilities,0,0,system,external-system,pure-go-effect-adapter,sandboxed-effect,verify with temporary filesystem/connection matrix
capabilitiesX11,do_capabilitiesX11,0,0,system,external-system,pure-go-effect-adapter,sandboxed-effect,verify with temporary filesystem/connection matrix
new.env,do_newenv,0,3,environment,environment,pure-go-context-adapter,environment-control,verify with isolated environment/control matrix
parent.env,do_parentenv,0,1,environment,environment,pure-go-context-adapter,environment-control,verify with isolated environment/control matrix
parent.env<-,do_parentenvgets,0,2,replacement,environment,pure-go-context-adapter,environment-control,verify with isolated environment/control matrix
topenv,do_topenv,0,2,environment,environment,pure-go-context-adapter,environment-control,verify with isolated environment/control matrix
l10n_info,do_l10n_info,0,0,system,external-system,pure-go-effect-adapter,sandboxed-effect,verify with temporary filesystem/connection matrix
Cstack_info,do_Cstack_info,0,0,system,external-system,pure-go-effect-adapter,sandboxed-effect,verify with temporary filesystem/connection matrix
mmap_file,do_mmap_file,0,-1,io,external-io,pure-go-effect-adapter,sandboxed-effect,verify with temporary filesystem/connection matrix
munmap_file,do_munmap_file,0,1,io,external-io,pure-go-effect-adapter,sandboxed-effect,verify with temporary filesystem/connection matrix
wrap_meta,do_wrap_meta,0,3,runtime,pure,pure-go-dispatch,typed-signature,derive typed fixture by kernel/opcode/arity vector
tryWrap,do_tryWrap,0,1,runtime,pure,pure-go-dispatch,typed-signature,derive typed fixture by kernel/opcode/arity vector
altrep_class,do_altrep_class,0,1,attribute,pure,pure-go-dispatch,typed-signature,derive typed fixture by kernel/opcode/arity vector
file.show,do_fileshow,0,5,io,external-io,pure-go-effect-adapter,sandboxed-effect,verify with temporary filesystem/connection matrix
file.create,do_filecreate,0,2,io,external-io,pure-go-effect-adapter,sandboxed-effect,verify with temporary filesystem/connection matrix
file.remove,do_fileremove,0,1,environment,environment,pure-go-context-adapter,environment-control,verify with isolated environment/control matrix
file.rename,do_filerename,0,2,io,external-io,pure-go-effect-adapter,sandboxed-effect,verify with temporary filesystem/connection matrix
file.append,do_fileappend,0,2,io,external-io,pure-go-effect-adapter,sandboxed-effect,verify with temporary filesystem/connection matrix
file.symlink,do_filesymlink,0,2,io,external-io,pure-go-effect-adapter,sandboxed-effect,verify with temporary filesystem/connection matrix
file.link,do_filelink,0,2,io,external-io,pure-go-effect-adapter,sandboxed-effect,verify with temporary filesystem/connection matrix
file.copy,do_filecopy,0,6,io,external-io,pure-go-effect-adapter,sandboxed-effect,verify with temporary filesystem/connection matrix
list.files,do_listfiles,0,9,io,external-io,pure-go-effect-adapter,sandboxed-effect,verify with temporary filesystem/connection matrix
list.dirs,do_listdirs,0,3,io,external-io,pure-go-effect-adapter,sandboxed-effect,verify with temporary filesystem/connection matrix
file.exists,do_fileexists,0,1,io,external-io,pure-go-effect-adapter,sandboxed-effect,verify with temporary filesystem/connection matrix
file.choose,do_filechoose,0,1,io,external-io,pure-go-effect-adapter,sandboxed-effect,verify with temporary filesystem/connection matrix
file.info,do_fileinfo,0,2,io,external-io,pure-go-effect-adapter,sandboxed-effect,verify with temporary filesystem/connection matrix
file.access,do_fileaccess,0,2,io,external-io,pure-go-effect-adapter,sandboxed-effect,verify with temporary filesystem/connection matrix
dir.exists,do_direxists,0,1,io,external-io,pure-go-effect-adapter,sandboxed-effect,verify with temporary filesystem/connection matrix
dir.create,do_dircreate,0,4,io,external-io,pure-go-effect-adapter,sandboxed-effect,verify with temporary filesystem/connection matrix
tempfile,do_tempfile,0,3,io,external-io,pure-go-effect-adapter,sandboxed-effect,verify with temporary filesystem/connection matrix
tempdir,do_tempdir,0,1,io,external-io,pure-go-effect-adapter,sandboxed-effect,verify with temporary filesystem/connection matrix
R.home,do_Rhome,0,0,system,external-system,pure-go-effect-adapter,sandboxed-effect,verify with temporary filesystem/connection matrix
date,do_date,0,0,system,external-system,pure-go-effect-adapter,sandboxed-effect,verify with temporary filesystem/connection matrix
Sys.getenv,do_getenv,0,2,environment,environment,pure-go-context-adapter,environment-control,verify with isolated environment/control matrix
Sys.setenv,do_setenv,0,2,environment,environment,pure-go-context-adapter,environment-control,verify with isolated environment/control matrix
Sys.unsetenv,do_unsetenv,0,1,environment,environment,pure-go-context-adapter,environment-control,verify with isolated environment/control matrix
getwd,do_getwd,0,0,environment,environment,pure-go-context-adapter,environment-control,verify with isolated environment/control matrix
setwd,do_setwd,0,1,runtime,pure,pure-go-dispatch,typed-signature,derive typed fixture by kernel/opcode/arity vector
basename,do_basename,0,1,runtime,pure,pure-go-dispatch,typed-signature,derive typed fixture by kernel/opcode/arity vector
dirname,do_dirname,0,1,io,external-io,pure-go-effect-adapter,sandboxed-effect,verify with temporary filesystem/connection matrix
Sys.chmod,do_syschmod,0,3,system,external-system,pure-go-effect-adapter,sandboxed-effect,verify with temporary filesystem/connection matrix
Sys.umask,do_sysumask,0,1,system,external-system,pure-go-effect-adapter,sandboxed-effect,verify with temporary filesystem/connection matrix
Sys.readlink,do_readlink,0,1,io,external-io,pure-go-effect-adapter,sandboxed-effect,verify with temporary filesystem/connection matrix
Sys.info,do_sysinfo,0,0,runtime,pure,pure-go-dispatch,typed-signature,derive typed fixture by kernel/opcode/arity vector
Sys.sleep,do_syssleep,0,1,system,external-system,pure-go-effect-adapter,sandboxed-effect,verify with temporary filesystem/connection matrix
Sys.getlocale,do_getlocale,0,1,environment,environment,pure-go-context-adapter,environment-control,verify with isolated environment/control matrix
Sys.setlocale,do_setlocale,0,2,system,external-system,pure-go-effect-adapter,sandboxed-effect,verify with temporary filesystem/connection matrix
Sys.localeconv,do_localeconv,0,0,system,external-system,pure-go-effect-adapter,sandboxed-effect,verify with temporary filesystem/connection matrix
path.expand,do_pathexpand,0,1,system,external-system,pure-go-effect-adapter,sandboxed-effect,verify with temporary filesystem/connection matrix
Sys.getpid,do_sysgetpid,0,0,environment,environment,pure-go-context-adapter,environment-control,verify with isolated environment/control matrix
normalizePath,do_normalizepath,0,3,runtime,pure,pure-go-dispatch,typed-signature,derive typed fixture by kernel/opcode/arity vector
Sys.glob,do_glob,0,2,system,external-system,pure-go-effect-adapter,sandboxed-effect,verify with temporary filesystem/connection matrix
unlink,do_unlink,0,4,system,external-system,pure-go-effect-adapter,sandboxed-effect,verify with temporary filesystem/connection matrix
polyroot,do_polyroot,0,1,numeric-complex,pure,pure-go-family-kernel,typed-signature,derive typed fixture by C entry and offset
inherits,do_inherits,0,3,runtime,pure,pure-go-dispatch,typed-signature,derive typed fixture by kernel/opcode/arity vector
UseMethod,do_usemethod,0,-1,language,control-or-environment,pure-go-context-adapter,environment-control,verify with isolated environment/control matrix
NextMethod,do_nextmethod,0,-1,language,control-or-environment,pure-go-context-adapter,environment-control,verify with isolated environment/control matrix
standardGeneric,do_standardGeneric,0,-1,runtime,pure,pure-go-dispatch,typed-signature,derive typed fixture by kernel/opcode/arity vector
Sys.time,do_systime,0,0,runtime,pure,pure-go-dispatch,typed-signature,derive typed fixture by kernel/opcode/arity vector
as.POSIXct,do_asPOSIXct,0,2,datetime,pure,pure-go-family-kernel,typed-signature,derive typed fixture by C entry and offset
as.POSIXlt,do_asPOSIXlt,0,2,datetime,pure,pure-go-family-kernel,typed-signature,derive typed fixture by C entry and offset
format.POSIXlt,do_formatPOSIXlt,0,4,datetime,pure,pure-go-family-kernel,typed-signature,derive typed fixture by C entry and offset
strptime,do_strptime,0,3,character,pure,pure-go-dispatch,typed-signature,derive typed fixture by kernel/opcode/arity vector
Date2POSIXlt,do_D2POSIXlt,0,2,datetime,pure,pure-go-family-kernel,typed-signature,derive typed fixture by C entry and offset
POSIXlt2Date,do_POSIXlt2D,0,1,datetime,pure,pure-go-family-kernel,typed-signature,derive typed fixture by C entry and offset
balancePOSIXlt,do_balancePOSIXlt,0,3,datetime,pure,pure-go-family-kernel,typed-signature,derive typed fixture by C entry and offset
unCfillPOSIXlt,do_balancePOSIXlt,1,1,datetime,pure,pure-go-family-kernel,typed-signature,derive typed fixture by C entry and offset
compareNumericVersion,do_compareNumericVersion,0,2,runtime,pure,pure-go-dispatch,typed-signature,derive typed fixture by kernel/opcode/arity vector
mkCode,do_mkcode,0,2,language,control-or-environment,pure-go-context-adapter,environment-control,verify with isolated environment/control matrix
bcClose,do_bcclose,0,3,language,control-or-environment,pure-go-context-adapter,environment-control,verify with isolated environment/control matrix
is.builtin.internal,do_is_builtin_internal,0,1,language,control-or-environment,pure-go-context-adapter,environment-control,verify with isolated environment/control matrix
disassemble,do_disassemble,0,1,language,control-or-environment,pure-go-context-adapter,environment-control,verify with isolated environment/control matrix
bcVersion,do_bcversion,0,0,language,control-or-environment,pure-go-context-adapter,environment-control,verify with isolated environment/control matrix
load.from.file,do_loadfile,0,1,io,external-io,pure-go-effect-adapter,sandboxed-effect,verify with temporary filesystem/connection matrix
save.to.file,do_savefile,0,4,io,external-io,pure-go-effect-adapter,sandboxed-effect,verify with temporary filesystem/connection matrix
growconst,do_growconst,0,1,language,control-or-environment,pure-go-context-adapter,environment-control,verify with isolated environment/control matrix
putconst,do_putconst,0,3,language,control-or-environment,pure-go-context-adapter,environment-control,verify with isolated environment/control matrix
getconst,do_getconst,0,2,environment,environment,pure-go-context-adapter,environment-control,verify with isolated environment/control matrix
enableJIT,do_enablejit,0,1,language,control-or-environment,pure-go-context-adapter,environment-control,verify with isolated environment/control matrix
compilePKGS,do_compilepkgs,0,1,language,control-or-environment,pure-go-context-adapter,environment-control,verify with isolated environment/control matrix
setNumMathThreads,do_setnumthreads,0,1,io,external-io,pure-go-effect-adapter,sandboxed-effect,verify with temporary filesystem/connection matrix
setMaxNumMathThreads,do_setmaxnumthreads,0,1,io,external-io,pure-go-effect-adapter,sandboxed-effect,verify with temporary filesystem/connection matrix
stdin,do_stdin,0,0,io,external-io,pure-go-effect-adapter,sandboxed-effect,verify with temporary filesystem/connection matrix
stdout,do_stdout,0,0,io,external-io,pure-go-effect-adapter,sandboxed-effect,verify with temporary filesystem/connection matrix
stderr,do_stderr,0,0,io,external-io,pure-go-effect-adapter,sandboxed-effect,verify with temporary filesystem/connection matrix
isatty,do_isatty,0,1,io,external-io,pure-go-effect-adapter,sandboxed-effect,verify with temporary filesystem/connection matrix
readLines,do_readLines,0,6,io,external-io,pure-go-effect-adapter,sandboxed-effect,verify with temporary filesystem/connection matrix
writeLines,do_writelines,0,4,io,external-io,pure-go-effect-adapter,sandboxed-effect,verify with temporary filesystem/connection matrix
readBin,do_readbin,0,6,io,external-io,pure-go-effect-adapter,sandboxed-effect,verify with temporary filesystem/connection matrix
writeBin,do_writebin,0,5,io,external-io,pure-go-effect-adapter,sandboxed-effect,verify with temporary filesystem/connection matrix
readChar,do_readchar,0,3,io,external-io,pure-go-effect-adapter,sandboxed-effect,verify with temporary filesystem/connection matrix
writeChar,do_writechar,0,5,io,external-io,pure-go-effect-adapter,sandboxed-effect,verify with temporary filesystem/connection matrix
open,do_open,0,3,io,external-io,pure-go-effect-adapter,sandboxed-effect,verify with temporary filesystem/connection matrix
isOpen,do_isopen,0,2,io,external-io,pure-go-effect-adapter,sandboxed-effect,verify with temporary filesystem/connection matrix
isIncomplete,do_isincomplete,0,1,io,external-io,pure-go-effect-adapter,sandboxed-effect,verify with temporary filesystem/connection matrix
isSeekable,do_isseekable,0,1,io,external-io,pure-go-effect-adapter,sandboxed-effect,verify with temporary filesystem/connection matrix
close,do_close,0,2,io,external-io,pure-go-effect-adapter,sandboxed-effect,verify with temporary filesystem/connection matrix
flush,do_flush,0,1,io,external-io,pure-go-effect-adapter,sandboxed-effect,verify with temporary filesystem/connection matrix
file,do_url,1,6,io,external-io,pure-go-effect-adapter,sandboxed-effect,verify with temporary filesystem/connection matrix
url,do_url,0,6,io,external-io,pure-go-effect-adapter,sandboxed-effect,verify with temporary filesystem/connection matrix
pipe,do_pipe,0,3,io,external-io,pure-go-effect-adapter,sandboxed-effect,verify with temporary filesystem/connection matrix
fifo,do_fifo,0,4,io,external-io,pure-go-effect-adapter,sandboxed-effect,verify with temporary filesystem/connection matrix
gzfile,do_gzfile,0,4,io,external-io,pure-go-effect-adapter,sandboxed-effect,verify with temporary filesystem/connection matrix
bzfile,do_gzfile,1,4,io,external-io,pure-go-effect-adapter,sandboxed-effect,verify with temporary filesystem/connection matrix
xzfile,do_gzfile,2,4,io,external-io,pure-go-effect-adapter,sandboxed-effect,verify with temporary filesystem/connection matrix
zstdfile,do_gzfile,3,4,io,external-io,pure-go-effect-adapter,sandboxed-effect,verify with temporary filesystem/connection matrix
unz,do_unz,0,3,io,external-io,pure-go-effect-adapter,sandboxed-effect,verify with temporary filesystem/connection matrix
seek,do_seek,0,4,io,external-io,pure-go-effect-adapter,sandboxed-effect,verify with temporary filesystem/connection matrix
truncate,do_truncate,0,1,io,external-io,pure-go-effect-adapter,sandboxed-effect,verify with temporary filesystem/connection matrix
pushBack,do_pushback,0,4,io,external-io,pure-go-effect-adapter,sandboxed-effect,verify with temporary filesystem/connection matrix
clearPushBack,do_clearpushback,0,1,io,external-io,pure-go-effect-adapter,sandboxed-effect,verify with temporary filesystem/connection matrix
pushBackLength,do_pushbacklength,0,1,io,external-io,pure-go-effect-adapter,sandboxed-effect,verify with temporary filesystem/connection matrix
rawConnection,do_rawconnection,0,3,io,external-io,pure-go-effect-adapter,sandboxed-effect,verify with temporary filesystem/connection matrix
rawConnectionValue,do_rawconvalue,0,1,io,external-io,pure-go-effect-adapter,sandboxed-effect,verify with temporary filesystem/connection matrix
textConnection,do_textconnection,0,5,io,external-io,pure-go-effect-adapter,sandboxed-effect,verify with temporary filesystem/connection matrix
textConnectionValue,do_textconvalue,0,1,io,external-io,pure-go-effect-adapter,sandboxed-effect,verify with temporary filesystem/connection matrix
socketConnection,do_sockconn,0,8,io,external-io,pure-go-effect-adapter,sandboxed-effect,verify with temporary filesystem/connection matrix
socketAccept,do_sockconn,1,6,io,external-io,pure-go-effect-adapter,sandboxed-effect,verify with temporary filesystem/connection matrix
sockSelect,do_sockselect,0,3,io,external-io,pure-go-effect-adapter,sandboxed-effect,verify with temporary filesystem/connection matrix
serverSocket,do_serversocket,0,1,io,external-io,pure-go-effect-adapter,sandboxed-effect,verify with temporary filesystem/connection matrix
socketTimeout,do_socktimeout,0,2,io,external-io,pure-go-effect-adapter,sandboxed-effect,verify with temporary filesystem/connection matrix
getConnection,do_getconnection,0,1,environment,environment,pure-go-context-adapter,environment-control,verify with isolated environment/control matrix
getAllConnections,do_getallconnections,0,0,environment,environment,pure-go-context-adapter,environment-control,verify with isolated environment/control matrix
summary.connection,do_sumconnection,0,1,io,external-io,pure-go-effect-adapter,sandboxed-effect,verify with temporary filesystem/connection matrix
gzcon,do_gzcon,0,4,io,external-io,pure-go-effect-adapter,sandboxed-effect,verify with temporary filesystem/connection matrix
memCompress,do_memCompress,0,2,io,external-io,pure-go-effect-adapter,sandboxed-effect,verify with temporary filesystem/connection matrix
memDecompress,do_memDecompress,0,2,io,external-io,pure-go-effect-adapter,sandboxed-effect,verify with temporary filesystem/connection matrix
readDCF,do_readDCF,0,3,io,external-io,pure-go-effect-adapter,sandboxed-effect,verify with temporary filesystem/connection matrix
lockEnvironment,do_lockEnv,0,2,environment,environment,pure-go-context-adapter,environment-control,verify with isolated environment/control matrix
environmentIsLocked,do_envIsLocked,0,1,environment,environment,pure-go-context-adapter,environment-control,verify with isolated environment/control matrix
lockBinding,do_lockBnd,0,2,environment,environment,pure-go-context-adapter,environment-control,verify with isolated environment/control matrix
unlockBinding,do_lockBnd,1,2,environment,environment,pure-go-context-adapter,environment-control,verify with isolated environment/control matrix
bindingIsLocked,do_bndIsLocked,0,2,environment,environment,pure-go-context-adapter,environment-control,verify with isolated environment/control matrix
makeActiveBinding,do_mkActiveBnd,0,3,environment,environment,pure-go-context-adapter,environment-control,verify with isolated environment/control matrix
bindingIsActive,do_bndIsActive,0,2,environment,environment,pure-go-context-adapter,environment-control,verify with isolated environment/control matrix
activeBindingFunction,do_activeBndFun,0,2,environment,environment,pure-go-context-adapter,environment-control,verify with isolated environment/control matrix
getBindingType,do_bindingType,0,2,environment,environment,pure-go-context-adapter,environment-control,verify with isolated environment/control matrix
delayedBindingExpression,do_delayedBindingExpr,0,2,environment,environment,pure-go-context-adapter,environment-control,verify with isolated environment/control matrix
delayedBindingEnvironment,do_delayedBindingEnv,0,2,environment,environment,pure-go-context-adapter,environment-control,verify with isolated environment/control matrix
forcedBindingExpression,do_forcedBindingExpr,0,2,environment,environment,pure-go-context-adapter,environment-control,verify with isolated environment/control matrix
dotsExist,do_dotsExist,0,2,environment,environment,pure-go-context-adapter,environment-control,verify with isolated environment/control matrix
getDotType,do_dotType,0,3,environment,environment,pure-go-context-adapter,environment-control,verify with isolated environment/control matrix
dotDelayedExpression,do_dotDelayedExpr,0,3,environment,environment,pure-go-context-adapter,environment-control,verify with isolated environment/control matrix
dotDelayedEnvironment,do_dotDelayedEnv,0,3,environment,environment,pure-go-context-adapter,environment-control,verify with isolated environment/control matrix
dotForcedExpression,do_dotForcedExpr,0,3,environment,environment,pure-go-context-adapter,environment-control,verify with isolated environment/control matrix
dotsLength,do_CDotsLength,0,2,environment,environment,pure-go-context-adapter,environment-control,verify with isolated environment/control matrix
dotsNames,do_CDotsNames,0,2,attribute,pure,pure-go-dispatch,typed-signature,derive typed fixture by kernel/opcode/arity vector
dotsElt,do_CDotsElt,0,3,environment,environment,pure-go-context-adapter,environment-control,verify with isolated environment/control matrix
mkUnbound,do_mkUnbound,0,1,environment,environment,pure-go-context-adapter,environment-control,verify with isolated environment/control matrix
isNamespaceEnv,do_isNSEnv,0,1,environment,environment,pure-go-context-adapter,environment-control,verify with isolated environment/control matrix
registerNamespace,do_regNS,0,2,environment,environment,pure-go-context-adapter,environment-control,verify with isolated environment/control matrix
unregisterNamespace,do_unregNS,0,1,environment,environment,pure-go-context-adapter,environment-control,verify with isolated environment/control matrix
getRegisteredNamespace,do_getRegNS,0,1,environment,environment,pure-go-context-adapter,environment-control,verify with isolated environment/control matrix
isRegisteredNamespace,do_getRegNS,1,1,environment,environment,pure-go-context-adapter,environment-control,verify with isolated environment/control matrix
getNamespaceRegistry,do_getNSRegistry,0,0,environment,environment,pure-go-context-adapter,environment-control,verify with isolated environment/control matrix
importIntoEnv,do_importIntoEnv,0,4,environment,environment,pure-go-context-adapter,environment-control,verify with isolated environment/control matrix
env.profile,do_envprofile,0,1,environment,environment,pure-go-context-adapter,environment-control,verify with isolated environment/control matrix
Encoding,do_encoding,0,1,character,pure,pure-go-family-kernel,typed-signature,derive typed fixture by C entry and offset
setEncoding,do_setencoding,0,2,character,pure,pure-go-family-kernel,typed-signature,derive typed fixture by C entry and offset
setTimeLimit,do_setTimeLimit,0,3,system,external-system,pure-go-effect-adapter,sandboxed-effect,verify with temporary filesystem/connection matrix
setSessionTimeLimit,do_setSessionTimeLimit,0,2,system,external-system,pure-go-effect-adapter,sandboxed-effect,verify with temporary filesystem/connection matrix
icuSetCollate,do_ICUset,0,-1,runtime,pure,pure-go-dispatch,typed-signature,derive typed fixture by kernel/opcode/arity vector
icuGetCollate,do_ICUget,0,1,environment,environment,pure-go-context-adapter,environment-control,verify with isolated environment/control matrix
readRenviron,do_readEnviron,0,1,environment,environment,pure-go-context-adapter,environment-control,verify with isolated environment/control matrix
shortRowNames,do_shortRowNames,0,2,attribute,pure,pure-go-dispatch,typed-signature,derive typed fixture by kernel/opcode/arity vector
copyDFattr,do_copyDFattr,0,2,attribute,pure,pure-go-dispatch,typed-signature,derive typed fixture by kernel/opcode/arity vector
getRegisteredRoutines,do_getRegisteredRoutines,0,1,environment,environment,pure-go-context-adapter,environment-control,verify with isolated environment/control matrix
getLoadedDLLs,do_getDllTable,0,0,environment,environment,pure-go-context-adapter,environment-control,verify with isolated environment/control matrix
getSymbolInfo,do_getSymbolInfo,0,3,environment,environment,pure-go-context-adapter,environment-control,verify with isolated environment/control matrix
.isMethodsDispatchOn,do_S4on,0,-1,runtime,pure,pure-go-dispatch,typed-signature,derive typed fixture by kernel/opcode/arity vector
lazyLoadDBfetch,do_lazyLoadDBfetch,0,4,serialization,external-io,pure-go-effect-adapter,sandboxed-effect,verify with temporary filesystem/connection matrix
lazyLoadDBflush,do_lazyLoadDBflush,0,1,serialization,external-io,pure-go-effect-adapter,sandboxed-effect,verify with temporary filesystem/connection matrix
getVarsFromFrame,do_getVarsFromFrame,0,3,environment,environment,pure-go-context-adapter,environment-control,verify with isolated environment/control matrix
lazyLoadDBinsertValue,do_lazyLoadDBinsertValue,0,5,serialization,external-io,pure-go-effect-adapter,sandboxed-effect,verify with temporary filesystem/connection matrix
bincode,do_bincode,0,4,runtime,pure,pure-go-dispatch,typed-signature,derive typed fixture by kernel/opcode/arity vector
tabulate,do_tabulate,0,2,runtime,pure,pure-go-family-kernel,typed-signature,derive typed fixture by C entry and offset
findInterval,do_findinterval,0,6,runtime,pure,pure-go-family-kernel,typed-signature,derive typed fixture by C entry and offset
pretty,do_pretty,0,8,runtime,pure,pure-go-dispatch,typed-signature,derive typed fixture by kernel/opcode/arity vector
formatC,do_formatC,0,7,runtime,pure,pure-go-family-kernel,typed-signature,derive typed fixture by C entry and offset
crc64,do_crc64,0,1,runtime,pure,pure-go-dispatch,typed-signature,derive typed fixture by kernel/opcode/arity vector
bitwiseAnd,do_bitwise,1,2,bitwise,pure,pure-go-dispatch,typed-signature,derive typed fixture by kernel/opcode/arity vector
bitwiseNot,do_bitwise,2,1,bitwise,pure,pure-go-dispatch,typed-signature,derive typed fixture by kernel/opcode/arity vector
bitwiseOr,do_bitwise,3,2,bitwise,pure,pure-go-dispatch,typed-signature,derive typed fixture by kernel/opcode/arity vector
bitwiseXor,do_bitwise,4,2,bitwise,pure,pure-go-dispatch,typed-signature,derive typed fixture by kernel/opcode/arity vector
bitwiseShiftL,do_bitwise,5,2,bitwise,pure,pure-go-dispatch,typed-signature,derive typed fixture by kernel/opcode/arity vector
bitwiseShiftR,do_bitwise,6,2,bitwise,pure,pure-go-dispatch,typed-signature,derive typed fixture by kernel/opcode/arity vector
serialize,do_serialize,0,5,serialization,external-io,pure-go-effect-adapter,sandboxed-effect,verify with temporary filesystem/connection matrix
serializeb,do_serialize,1,5,serialization,external-io,pure-go-effect-adapter,sandboxed-effect,verify with temporary filesystem/connection matrix
unserialize,do_serialize,2,2,serialization,external-io,pure-go-effect-adapter,sandboxed-effect,verify with temporary filesystem/connection matrix
rowsum_matrix,do_rowsum,0,5,reduction,pure,pure-go-family-kernel,typed-signature,derive typed fixture by C entry and offset
rowsum_df,do_rowsum,1,5,reduction,pure,pure-go-family-kernel,typed-signature,derive typed fixture by C entry and offset
objsxp,do_objsxp,0,0,runtime,pure,pure-go-dispatch,typed-signature,derive typed fixture by kernel/opcode/arity vector
setS4Object,do_setS4Object,0,3,runtime,pure,pure-go-dispatch,typed-signature,derive typed fixture by kernel/opcode/arity vector
traceOnOff,do_traceOnOff,0,1,runtime,pure,pure-go-dispatch,typed-signature,derive typed fixture by kernel/opcode/arity vector
debugOnOff,do_traceOnOff,1,1,runtime,pure,pure-go-dispatch,typed-signature,derive typed fixture by kernel/opcode/arity vector
La_qr_cmplx,do_lapack,0,1,matrix,pure,pure-go-dispatch,typed-signature,derive typed fixture by kernel/opcode/arity vector
La_rs,do_lapack,1,2,matrix,pure,pure-go-dispatch,typed-signature,derive typed fixture by kernel/opcode/arity vector
La_rs_cmplx,do_lapack,2,2,matrix,pure,pure-go-dispatch,typed-signature,derive typed fixture by kernel/opcode/arity vector
La_rg,do_lapack,3,2,matrix,pure,pure-go-dispatch,typed-signature,derive typed fixture by kernel/opcode/arity vector
La_rg_cmplx,do_lapack,41,2,matrix,pure,pure-go-dispatch,typed-signature,derive typed fixture by kernel/opcode/arity vector
La_rs,do_lapack,5,2,matrix,pure,pure-go-dispatch,typed-signature,derive typed fixture by kernel/opcode/arity vector
La_rs_cmplx,do_lapack,51,2,matrix,pure,pure-go-dispatch,typed-signature,derive typed fixture by kernel/opcode/arity vector
La_dlange,do_lapack,6,2,matrix,pure,pure-go-family-kernel,typed-signature,derive typed fixture by C entry and offset
La_dgecon,do_lapack,7,2,matrix,pure,pure-go-family-kernel,typed-signature,derive typed fixture by C entry and offset
La_dtrcon,do_lapack,8,2,matrix,pure,pure-go-family-kernel,typed-signature,derive typed fixture by C entry and offset
La_dtrcon3,do_lapack,81,3,matrix,pure,pure-go-family-kernel,typed-signature,derive typed fixture by C entry and offset
La_zlange,do_lapack,61,2,matrix,pure,pure-go-family-kernel,typed-signature,derive typed fixture by C entry and offset
La_zgecon,do_lapack,9,2,matrix,pure,pure-go-dispatch,typed-signature,derive typed fixture by kernel/opcode/arity vector
La_ztrcon,do_lapack,10,2,matrix,pure,pure-go-dispatch,typed-signature,derive typed fixture by kernel/opcode/arity vector
La_ztrcon3,do_lapack,13,3,matrix,pure,pure-go-dispatch,typed-signature,derive typed fixture by kernel/opcode/arity vector
La_solve_cmplx,do_lapack,11,3,matrix,pure,pure-go-dispatch,typed-signature,derive typed fixture by kernel/opcode/arity vector
La_solve,do_lapack,100,3,matrix,pure,pure-go-family-kernel,typed-signature,derive typed fixture by C entry and offset
La_qr,do_lapack,101,1,matrix,pure,pure-go-family-kernel,typed-signature,derive typed fixture by C entry and offset
La_chol,do_lapack,200,3,matrix,pure,pure-go-family-kernel,typed-signature,derive typed fixture by C entry and offset
La_chol2inv,do_lapack,201,2,matrix,pure,pure-go-family-kernel,typed-signature,derive typed fixture by C entry and offset
qr_coef_real,do_lapack,300,2,matrix,pure,pure-go-dispatch,typed-signature,derive typed fixture by kernel/opcode/arity vector
qr_qy_real,do_lapack,301,3,matrix,pure,pure-go-dispatch,typed-signature,derive typed fixture by kernel/opcode/arity vector
det_ge_real,do_lapack,302,2,matrix,pure,pure-go-family-kernel,typed-signature,derive typed fixture by C entry and offset
qr_coef_cmplx,do_lapack,303,2,matrix,pure,pure-go-dispatch,typed-signature,derive typed fixture by kernel/opcode/arity vector
qr_qy_cmplx,do_lapack,304,3,matrix,pure,pure-go-dispatch,typed-signature,derive typed fixture by kernel/opcode/arity vector
La_svd,do_lapack,400,5,matrix,pure,pure-go-dispatch,typed-signature,derive typed fixture by kernel/opcode/arity vector
La_svd_cmplx,do_lapack,401,5,matrix,pure,pure-go-dispatch,typed-signature,derive typed fixture by kernel/opcode/arity vector
La_version,do_lapack,1000,0,matrix,pure,pure-go-family-kernel,typed-signature,derive typed fixture by C entry and offset
La_library,do_lapack,1001,0,matrix,pure,pure-go-family-kernel,typed-signature,derive typed fixture by C entry and offset
bcprofcounts,do_bcprofcounts,0,0,language,control-or-environment,pure-go-context-adapter,environment-control,verify with isolated environment/control matrix
bcprofstart,do_bcprofstart,0,0,language,control-or-environment,pure-go-context-adapter,environment-control,verify with isolated environment/control matrix
bcprofstop,do_bcprofstop,0,0,language,control-or-environment,pure-go-context-adapter,environment-control,verify with isolated environment/control matrix
eSoftVersion,do_eSoftVersion,0,0,system,external-system,pure-go-effect-adapter,sandboxed-effect,verify with temporary filesystem/connection matrix
curlVersion,do_curlVersion,0,0,io,external-io,pure-go-effect-adapter,sandboxed-effect,verify with temporary filesystem/connection matrix
curlGetHeaders,do_curlGetHeaders,0,5,environment,environment,pure-go-context-adapter,environment-control,verify with isolated environment/control matrix
curlDownload,do_curlDownload,0,6,io,external-io,pure-go-effect-adapter,sandboxed-effect,verify with temporary filesystem/connection matrix
compilerVersion,do_compilerVersion,0,0,system,external-system,pure-go-effect-adapter,sandboxed-effect,verify with temporary filesystem/connection matrix
