table_index,printname,c_entry,offset,eval,arity,pp_kind,precedence,rightassoc,access,sexptype,evaluates_arguments
0,if,do_if,0,200,-1,PP_IF,PREC_FN,1,primitive,SPECIALSXP,False
1,while,do_while,0,100,2,PP_WHILE,PREC_FN,0,primitive,SPECIALSXP,False
2,for,do_for,0,100,3,PP_FOR,PREC_FN,0,primitive,SPECIALSXP,False
3,repeat,do_repeat,0,100,1,PP_REPEAT,PREC_FN,0,primitive,SPECIALSXP,False
4,break,do_break,CTXT_BREAK,0,0,PP_BREAK,PREC_FN,0,primitive,SPECIALSXP,False
5,next,do_break,CTXT_NEXT,0,0,PP_NEXT,PREC_FN,0,primitive,SPECIALSXP,False
6,return,do_return,0,0,-1,PP_RETURN,PREC_FN,0,primitive,SPECIALSXP,False
7,function,do_function,0,0,-1,PP_FUNCTION,PREC_FN,0,primitive,SPECIALSXP,False
8,<-,do_set,1,100,-1,PP_ASSIGN,PREC_LEFT,1,primitive,SPECIALSXP,False
9,=,do_set,3,100,-1,PP_ASSIGN,PREC_EQ,1,primitive,SPECIALSXP,False
10,<<-,do_set,2,100,-1,PP_ASSIGN2,PREC_LEFT,1,primitive,SPECIALSXP,False
11,{,do_begin,0,200,-1,PP_CURLY,PREC_FN,0,primitive,SPECIALSXP,False
12,(,do_paren,0,1,1,PP_PAREN,PREC_FN,0,primitive,BUILTINSXP,True
13,.subset,do_subset_dflt,1,1,-1,PP_FUNCALL,PREC_FN,0,primitive,BUILTINSXP,True
14,.subset2,do_subset2_dflt,2,1,-1,PP_FUNCALL,PREC_FN,0,primitive,BUILTINSXP,True
15,[,do_subset,1,0,-1,PP_SUBSET,PREC_SUBSET,0,primitive,SPECIALSXP,False
16,[[,do_subset2,2,0,-1,PP_SUBSET,PREC_SUBSET,0,primitive,SPECIALSXP,False
17,$,do_subset3,3,0,2,PP_DOLLAR,PREC_DOLLAR,0,primitive,SPECIALSXP,False
18,@,do_AT,0,0,2,PP_DOLLAR,PREC_DOLLAR,0,primitive,SPECIALSXP,False
19,[<-,do_subassign,0,0,3,PP_SUBASS,PREC_LEFT,1,primitive,SPECIALSXP,False
20,[[<-,do_subassign2,1,0,3,PP_SUBASS,PREC_LEFT,1,primitive,SPECIALSXP,False
21,$<-,do_subassign3,1,0,3,PP_SUBASS,PREC_LEFT,1,primitive,SPECIALSXP,False
22,switch,do_switch,0,200,-1,PP_FUNCALL,PREC_FN,0,primitive,SPECIALSXP,False
23,browser,do_browser,0,101,-1,PP_FUNCALL,PREC_FN,0,primitive,BUILTINSXP,True
24,.primTrace,do_trace,0,101,1,PP_FUNCALL,PREC_FN,0,primitive,BUILTINSXP,True
25,.primUntrace,do_trace,1,101,1,PP_FUNCALL,PREC_FN,0,primitive,BUILTINSXP,True
26,.Internal,do_internal,0,200,1,PP_FUNCALL,PREC_FN,0,primitive,SPECIALSXP,False
27,.Primitive,do_primitive,0,1,1,PP_FUNCALL,PREC_FN,0,primitive,BUILTINSXP,True
28,call,do_call,0,0,-1,PP_FUNCALL,PREC_FN,0,primitive,SPECIALSXP,False
29,quote,do_quote,0,0,1,PP_FUNCALL,PREC_FN,0,primitive,SPECIALSXP,False
30,substitute,do_substitute,0,0,-1,PP_FUNCALL,PREC_FN,0,primitive,SPECIALSXP,False
31,missing,do_missing,1,0,1,PP_FUNCALL,PREC_FN,0,primitive,SPECIALSXP,False
32,nargs,do_nargs,1,1,0,PP_FUNCALL,PREC_FN,0,primitive,BUILTINSXP,True
33,on.exit,do_onexit,0,100,-1,PP_FUNCALL,PREC_FN,0,primitive,SPECIALSXP,False
34,forceAndCall,do_forceAndCall,0,0,-1,PP_FUNCALL,PREC_FN,0,primitive,SPECIALSXP,False
35,declare,do_declare,0,100,-1,PP_FUNCALL,PREC_FN,0,primitive,SPECIALSXP,False
36,stop,do_stop,0,11,2,PP_FUNCALL,PREC_FN,0,internal,BUILTINSXP,True
37,warning,do_warning,0,111,4,PP_FUNCALL,PREC_FN,0,internal,BUILTINSXP,True
38,gettext,do_gettext,0,11,3,PP_FUNCALL,PREC_FN,0,internal,BUILTINSXP,True
39,ngettext,do_ngettext,0,11,4,PP_FUNCALL,PREC_FN,0,internal,BUILTINSXP,True
40,bindtextdomain,do_bindtextdomain,0,11,2,PP_FUNCALL,PREC_FN,0,internal,BUILTINSXP,True
41,.addCondHands,do_addCondHands,0,111,5,PP_FUNCALL,PREC_FN,0,internal,BUILTINSXP,True
42,.addGlobHands,do_addGlobHands,0,111,5,PP_FUNCALL,PREC_FN,0,internal,BUILTINSXP,True
43,.resetCondHands,do_resetCondHands,0,111,1,PP_FUNCALL,PREC_FN,0,internal,BUILTINSXP,True
44,.signalCondition,do_signalCondition,0,11,3,PP_FUNCALL,PREC_FN,0,internal,BUILTINSXP,True
45,.dfltStop,do_dfltStop,0,11,2,PP_FUNCALL,PREC_FN,0,internal,BUILTINSXP,True
46,.dfltWarn,do_dfltWarn,0,11,2,PP_FUNCALL,PREC_FN,0,internal,BUILTINSXP,True
47,.addRestart,do_addRestart,0,11,1,PP_FUNCALL,PREC_FN,0,internal,BUILTINSXP,True
48,.getRestart,do_getRestart,0,11,1,PP_FUNCALL,PREC_FN,0,internal,BUILTINSXP,True
49,.invokeRestart,do_invokeRestart,0,11,2,PP_FUNCALL,PREC_FN,0,internal,BUILTINSXP,True
50,.addTryHandlers,do_addTryHandlers,0,111,0,PP_FUNCALL,PREC_FN,0,internal,BUILTINSXP,True
51,geterrmessage,do_geterrmessage,0,11,0,PP_FUNCALL,PREC_FN,0,internal,BUILTINSXP,True
52,seterrmessage,do_seterrmessage,0,111,1,PP_FUNCALL,PREC_FN,0,internal,BUILTINSXP,True
53,printDeferredWarnings,do_printDeferredWarnings,0,111,0,PP_FUNCALL,PREC_FN,0,internal,BUILTINSXP,True
54,interruptsSuspended,do_interruptsSuspended,0,11,-1,PP_FUNCALL,PREC_FN,0,internal,BUILTINSXP,True
55,as.function.default,do_asfunction,0,11,2,PP_FUNCTION,PREC_FN,0,internal,BUILTINSXP,True
56,debug,do_debug,0,111,3,PP_FUNCALL,PREC_FN,0,internal,BUILTINSXP,True
57,undebug,do_debug,1,111,1,PP_FUNCALL,PREC_FN,0,internal,BUILTINSXP,True
58,isdebugged,do_debug,2,11,1,PP_FUNCALL,PREC_FN,0,internal,BUILTINSXP,True
59,debugonce,do_debug,3,111,3,PP_FUNCALL,PREC_FN,0,internal,BUILTINSXP,True
60,Recall,do_recall,0,210,-1,PP_FUNCALL,PREC_FN,0,internal,SPECIALSXP,False
61,delayedAssign,do_delayed,0,111,4,PP_FUNCALL,PREC_FN,0,internal,BUILTINSXP,True
62,makeLazy,do_makelazy,0,111,5,PP_FUNCALL,PREC_FN,0,internal,BUILTINSXP,True
63,identical,do_identical,0,11,8,PP_FUNCALL,PREC_FN,0,internal,BUILTINSXP,True
64,C_tryCatchHelper,do_tryCatchHelper,0,11,-1,PP_FUNCALL,PREC_FN,0,internal,BUILTINSXP,True
65,getNamespaceValue,do_getNSValue,0,211,3,PP_FUNCALL,PREC_FN,0,internal,BUILTINSXP,True
66,+,do_arith,PLUSOP,1,-1,PP_BINARY,PREC_SUM,0,primitive,BUILTINSXP,True
67,-,do_arith,MINUSOP,1,-1,PP_BINARY,PREC_SUM,0,primitive,BUILTINSXP,True
68,*,do_arith,TIMESOP,1,2,PP_BINARY,PREC_PROD,0,primitive,BUILTINSXP,True
69,/,do_arith,DIVOP,1,2,PP_BINARY2,PREC_PROD,0,primitive,BUILTINSXP,True
70,^,do_arith,POWOP,1,2,PP_BINARY2,PREC_POWER,1,primitive,BUILTINSXP,True
71,%%,do_arith,MODOP,1,2,PP_BINARY2,PREC_PERCENT,0,primitive,BUILTINSXP,True
72,%/%,do_arith,IDIVOP,1,2,PP_BINARY2,PREC_PERCENT,0,primitive,BUILTINSXP,True
73,%*%,do_matprod,0,1,2,PP_BINARY,PREC_PERCENT,0,primitive,BUILTINSXP,True
74,==,do_relop,EQOP,1,2,PP_BINARY,PREC_COMPARE,0,primitive,BUILTINSXP,True
75,!=,do_relop,NEOP,1,2,PP_BINARY,PREC_COMPARE,0,primitive,BUILTINSXP,True
76,<,do_relop,LTOP,1,2,PP_BINARY,PREC_COMPARE,0,primitive,BUILTINSXP,True
77,<=,do_relop,LEOP,1,2,PP_BINARY,PREC_COMPARE,0,primitive,BUILTINSXP,True
78,>=,do_relop,GEOP,1,2,PP_BINARY,PREC_COMPARE,0,primitive,BUILTINSXP,True
79,>,do_relop,GTOP,1,2,PP_BINARY,PREC_COMPARE,0,primitive,BUILTINSXP,True
80,&,do_logic,1,1,2,PP_BINARY,PREC_AND,0,primitive,BUILTINSXP,True
81,|,do_logic,2,1,2,PP_BINARY,PREC_OR,0,primitive,BUILTINSXP,True
82,!,do_logic,3,1,1,PP_UNARY,PREC_NOT,0,primitive,BUILTINSXP,True
83,&&,do_logic2,1,0,2,PP_BINARY,PREC_AND,0,primitive,SPECIALSXP,False
84,||,do_logic2,2,0,2,PP_BINARY,PREC_OR,0,primitive,SPECIALSXP,False
85,:,do_colon,0,1,2,PP_BINARY2,PREC_COLON,0,primitive,BUILTINSXP,True
86,~,do_tilde,0,0,-1,PP_BINARY,PREC_TILDE,0,primitive,SPECIALSXP,False
87,::,do_colon2,0,200,2,PP_BINARY2,PREC_NS,0,primitive,SPECIALSXP,False
88,:::,do_colon3,0,200,2,PP_BINARY2,PREC_NS,0,primitive,SPECIALSXP,False
89,all,do_logic3,1,1,-1,PP_FUNCALL,PREC_FN,0,primitive,BUILTINSXP,True
90,any,do_logic3,2,1,-1,PP_FUNCALL,PREC_FN,0,primitive,BUILTINSXP,True
91,...elt,do_dotsElt,0,201,1,PP_FUNCALL,PREC_FN,0,primitive,BUILTINSXP,True
92,...length,do_dotsLength,0,1,0,PP_FUNCALL,PREC_FN,0,primitive,BUILTINSXP,True
93,...names,do_dotsNames,0,1,0,PP_FUNCALL,PREC_FN,0,primitive,BUILTINSXP,True
94,length,do_length,0,1,1,PP_FUNCALL,PREC_FN,0,primitive,BUILTINSXP,True
95,length<-,do_lengthgets,0,1,2,PP_FUNCALL,PREC_LEFT,1,primitive,BUILTINSXP,True
96,oldClass,do_class,0,1,1,PP_FUNCALL,PREC_FN,0,primitive,BUILTINSXP,True
97,oldClass<-,do_classgets,0,1,2,PP_FUNCALL,PREC_LEFT,1,primitive,BUILTINSXP,True
98,class,R_do_data_class,0,1,1,PP_FUNCALL,PREC_FN,0,primitive,BUILTINSXP,True
99,.cache_class,R_do_data_class,1,1,2,PP_FUNCALL,PREC_FN,0,primitive,BUILTINSXP,True
100,.class2,R_do_data_class,2,1,1,PP_FUNCALL,PREC_FN,0,primitive,BUILTINSXP,True
101,class<-,R_do_set_class,0,1,2,PP_FUNCALL,PREC_FN,0,primitive,BUILTINSXP,True
102,unclass,do_unclass,0,1,1,PP_FUNCALL,PREC_FN,0,primitive,BUILTINSXP,True
103,names,do_names,0,1,1,PP_FUNCALL,PREC_FN,0,primitive,BUILTINSXP,True
104,names<-,do_namesgets,0,1,2,PP_FUNCALL,PREC_LEFT,1,primitive,BUILTINSXP,True
105,dimnames,do_dimnames,0,1,1,PP_FUNCALL,PREC_FN,0,primitive,BUILTINSXP,True
106,dimnames<-,do_dimnamesgets,0,1,2,PP_FUNCALL,PREC_LEFT,1,primitive,BUILTINSXP,True
107,dim,do_dim,0,1,1,PP_FUNCALL,PREC_FN,0,primitive,BUILTINSXP,True
108,dim<-,do_dimgets,0,1,2,PP_FUNCALL,PREC_LEFT,1,primitive,BUILTINSXP,True
109,attributes,do_attributes,0,1,1,PP_FUNCALL,PREC_FN,0,primitive,BUILTINSXP,True
110,attributes<-,do_attributesgets,0,1,2,PP_FUNCALL,PREC_LEFT,1,primitive,BUILTINSXP,True
111,attr,do_attr,0,1,-1,PP_FUNCALL,PREC_FN,0,primitive,BUILTINSXP,True
112,attr<-,do_attrgets,0,1,3,PP_FUNCALL,PREC_LEFT,1,primitive,BUILTINSXP,True
113,@<-,do_attrgets,1,0,3,PP_SUBASS,PREC_LEFT,1,primitive,SPECIALSXP,False
114,levels<-,do_levelsgets,0,1,2,PP_FUNCALL,PREC_LEFT,1,primitive,BUILTINSXP,True
115,vector,do_makevector,0,11,2,PP_FUNCALL,PREC_FN,0,internal,BUILTINSXP,True
116,complex,do_complex,0,11,3,PP_FUNCALL,PREC_FN,0,internal,BUILTINSXP,True
117,matrix,do_matrix,0,11,7,PP_FUNCALL,PREC_FN,0,internal,BUILTINSXP,True
118,array,do_array,0,11,3,PP_FUNCALL,PREC_FN,0,internal,BUILTINSXP,True
119,diag,do_diag,0,11,3,PP_FUNCALL,PREC_FN,0,internal,BUILTINSXP,True
120,backsolve,do_backsolve,0,11,5,PP_FUNCALL,PREC_FN,0,internal,BUILTINSXP,True
121,max.col,do_maxcol,0,11,2,PP_FUNCALL,PREC_FN,0,internal,BUILTINSXP,True
122,row,do_rowscols,1,11,1,PP_FUNCALL,PREC_FN,0,internal,BUILTINSXP,True
123,col,do_rowscols,2,11,1,PP_FUNCALL,PREC_FN,0,internal,BUILTINSXP,True
124,unlist,do_unlist,0,11,3,PP_FUNCALL,PREC_FN,0,internal,BUILTINSXP,True
125,cbind,do_bind,1,10,-1,PP_FUNCALL,PREC_FN,0,internal,SPECIALSXP,False
126,rbind,do_bind,2,10,-1,PP_FUNCALL,PREC_FN,0,internal,SPECIALSXP,False
127,drop,do_drop,0,11,1,PP_FUNCALL,PREC_FN,0,internal,BUILTINSXP,True
128,all.names,do_allnames,0,11,4,PP_FUNCALL,PREC_FN,0,internal,BUILTINSXP,True
129,comment,do_comment,0,11,1,PP_FUNCALL,PREC_FN,0,internal,BUILTINSXP,True
130,comment<-,do_commentgets,0,11,2,PP_FUNCALL,PREC_LEFT,1,internal,BUILTINSXP,True
131,get,do_get,1,11,4,PP_FUNCALL,PREC_FN,0,internal,BUILTINSXP,True
132,get0,do_get,2,11,5,PP_FUNCALL,PREC_FN,0,internal,BUILTINSXP,True
133,mget,do_mget,1,11,5,PP_FUNCALL,PREC_FN,0,internal,BUILTINSXP,True
134,exists,do_get,0,11,4,PP_FUNCALL,PREC_FN,0,internal,BUILTINSXP,True
135,assign,do_assign,0,111,4,PP_FUNCALL,PREC_FN,0,internal,BUILTINSXP,True
136,list2env,do_list2env,0,11,2,PP_FUNCALL,PREC_FN,0,internal,BUILTINSXP,True
137,remove,do_remove,0,111,3,PP_FUNCALL,PREC_FN,0,internal,BUILTINSXP,True
138,duplicated,do_duplicated,0,11,4,PP_FUNCALL,PREC_FN,0,internal,BUILTINSXP,True
139,unique,do_duplicated,1,11,4,PP_FUNCALL,PREC_FN,0,internal,BUILTINSXP,True
140,anyDuplicated,do_duplicated,2,11,3,PP_FUNCALL,PREC_FN,0,internal,BUILTINSXP,True
141,anyNA,do_anyNA,0,1,-1,PP_FUNCALL,PREC_FN,0,primitive,BUILTINSXP,True
142,which,do_which,0,11,1,PP_FUNCALL,PREC_FN,0,internal,BUILTINSXP,True
143,which.min,do_first_min,0,11,1,PP_FUNCALL,PREC_FN,0,internal,BUILTINSXP,True
144,pmin,do_pmin,0,11,-1,PP_FUNCALL,PREC_FN,0,internal,BUILTINSXP,True
145,pmax,do_pmin,1,11,-1,PP_FUNCALL,PREC_FN,0,internal,BUILTINSXP,True
146,which.max,do_first_min,1,11,1,PP_FUNCALL,PREC_FN,0,internal,BUILTINSXP,True
147,match,do_match,0,11,4,PP_FUNCALL,PREC_FN,0,internal,BUILTINSXP,True
148,pmatch,do_pmatch,0,11,4,PP_FUNCALL,PREC_FN,0,internal,BUILTINSXP,True
149,charmatch,do_charmatch,0,11,3,PP_FUNCALL,PREC_FN,0,internal,BUILTINSXP,True
150,match.call,do_matchcall,0,11,4,PP_FUNCALL,PREC_FN,0,internal,BUILTINSXP,True
151,crossprod,do_matprod,1,1,1,PP_FUNCALL,PREC_FN,0,primitive,BUILTINSXP,True
152,tcrossprod,do_matprod,2,1,1,PP_FUNCALL,PREC_FN,0,primitive,BUILTINSXP,True
153,asplit,do_asplit,0,11,8,PP_FUNCALL,PREC_FN,0,internal,BUILTINSXP,True
154,lengths,do_lengths,0,11,2,PP_FUNCALL,PREC_FN,0,internal,BUILTINSXP,True
155,sequence,do_sequence,0,11,4,PP_FUNCALL,PREC_FN,0,internal,BUILTINSXP,True
156,vhash,do_vhash,0,11,-1,PP_FUNCALL,PREC_FN,0,internal,BUILTINSXP,True
157,attach,do_attach,0,111,3,PP_FUNCALL,PREC_FN,0,internal,BUILTINSXP,True
158,detach,do_detach,0,111,1,PP_FUNCALL,PREC_FN,0,internal,BUILTINSXP,True
159,search,do_search,0,11,0,PP_FUNCALL,PREC_FN,0,internal,BUILTINSXP,True
160,setFileTime,do_setFileTime,0,111,2,PP_FUNCALL,PREC_FN,0,internal,BUILTINSXP,True
161,round,do_Math2,10001,0,-1,PP_FUNCALL,PREC_FN,0,primitive,SPECIALSXP,False
162,signif,do_Math2,10004,0,-1,PP_FUNCALL,PREC_FN,0,primitive,SPECIALSXP,False
163,log,do_log,10003,0,-1,PP_FUNCALL,PREC_FN,0,primitive,SPECIALSXP,False
164,log10,do_log1arg,10010,1,1,PP_FUNCALL,PREC_FN,0,primitive,BUILTINSXP,True
165,log2,do_log1arg,10002,1,1,PP_FUNCALL,PREC_FN,0,primitive,BUILTINSXP,True
166,abs,do_abs,6,1,1,PP_FUNCALL,PREC_FN,0,primitive,BUILTINSXP,True
167,floor,do_math1,1,1,1,PP_FUNCALL,PREC_FN,0,primitive,BUILTINSXP,True
168,ceiling,do_math1,2,1,1,PP_FUNCALL,PREC_FN,0,primitive,BUILTINSXP,True
169,sqrt,do_math1,3,1,1,PP_FUNCALL,PREC_FN,0,primitive,BUILTINSXP,True
170,sign,do_math1,4,1,1,PP_FUNCALL,PREC_FN,0,primitive,BUILTINSXP,True
171,trunc,do_trunc,5,1,-1,PP_FUNCALL,PREC_FN,0,primitive,BUILTINSXP,True
172,exp,do_math1,10,1,1,PP_FUNCALL,PREC_FN,0,primitive,BUILTINSXP,True
173,expm1,do_math1,11,1,1,PP_FUNCALL,PREC_FN,0,primitive,BUILTINSXP,True
174,log1p,do_math1,12,1,1,PP_FUNCALL,PREC_FN,0,primitive,BUILTINSXP,True
175,cos,do_math1,20,1,1,PP_FUNCALL,PREC_FN,0,primitive,BUILTINSXP,True
176,sin,do_math1,21,1,1,PP_FUNCALL,PREC_FN,0,primitive,BUILTINSXP,True
177,tan,do_math1,22,1,1,PP_FUNCALL,PREC_FN,0,primitive,BUILTINSXP,True
178,acos,do_math1,23,1,1,PP_FUNCALL,PREC_FN,0,primitive,BUILTINSXP,True
179,asin,do_math1,24,1,1,PP_FUNCALL,PREC_FN,0,primitive,BUILTINSXP,True
180,atan,do_math1,25,1,1,PP_FUNCALL,PREC_FN,0,primitive,BUILTINSXP,True
181,cosh,do_math1,30,1,1,PP_FUNCALL,PREC_FN,0,primitive,BUILTINSXP,True
182,sinh,do_math1,31,1,1,PP_FUNCALL,PREC_FN,0,primitive,BUILTINSXP,True
183,tanh,do_math1,32,1,1,PP_FUNCALL,PREC_FN,0,primitive,BUILTINSXP,True
184,acosh,do_math1,33,1,1,PP_FUNCALL,PREC_FN,0,primitive,BUILTINSXP,True
185,asinh,do_math1,34,1,1,PP_FUNCALL,PREC_FN,0,primitive,BUILTINSXP,True
186,atanh,do_math1,35,1,1,PP_FUNCALL,PREC_FN,0,primitive,BUILTINSXP,True
187,lgamma,do_math1,40,1,1,PP_FUNCALL,PREC_FN,0,primitive,BUILTINSXP,True
188,gamma,do_math1,41,1,1,PP_FUNCALL,PREC_FN,0,primitive,BUILTINSXP,True
189,digamma,do_math1,42,1,1,PP_FUNCALL,PREC_FN,0,primitive,BUILTINSXP,True
190,trigamma,do_math1,43,1,1,PP_FUNCALL,PREC_FN,0,primitive,BUILTINSXP,True
191,cospi,do_math1,47,1,1,PP_FUNCALL,PREC_FN,0,primitive,BUILTINSXP,True
192,sinpi,do_math1,48,1,1,PP_FUNCALL,PREC_FN,0,primitive,BUILTINSXP,True
193,tanpi,do_math1,49,1,1,PP_FUNCALL,PREC_FN,0,primitive,BUILTINSXP,True
194,atan2,do_math2,0,11,2,PP_FUNCALL,PREC_FN,0,internal,BUILTINSXP,True
195,lbeta,do_math2,2,11,2,PP_FUNCALL,PREC_FN,0,internal,BUILTINSXP,True
196,beta,do_math2,3,11,2,PP_FUNCALL,PREC_FN,0,internal,BUILTINSXP,True
197,lchoose,do_math2,4,11,2,PP_FUNCALL,PREC_FN,0,internal,BUILTINSXP,True
198,choose,do_math2,5,11,2,PP_FUNCALL,PREC_FN,0,internal,BUILTINSXP,True
199,besselJ,do_math2,24,11,2,PP_FUNCALL,PREC_FN,0,internal,BUILTINSXP,True
200,besselY,do_math2,25,11,2,PP_FUNCALL,PREC_FN,0,internal,BUILTINSXP,True
201,psigamma,do_math2,26,11,2,PP_FUNCALL,PREC_FN,0,internal,BUILTINSXP,True
202,Re,do_cmathfuns,1,1,1,PP_FUNCALL,PREC_FN,0,primitive,BUILTINSXP,True
203,Im,do_cmathfuns,2,1,1,PP_FUNCALL,PREC_FN,0,primitive,BUILTINSXP,True
204,Mod,do_cmathfuns,3,1,1,PP_FUNCALL,PREC_FN,0,primitive,BUILTINSXP,True
205,Arg,do_cmathfuns,4,1,1,PP_FUNCALL,PREC_FN,0,primitive,BUILTINSXP,True
206,Conj,do_cmathfuns,5,1,1,PP_FUNCALL,PREC_FN,0,primitive,BUILTINSXP,True
207,besselI,do_math3,43,11,3,PP_FUNCALL,PREC_FN,0,internal,BUILTINSXP,True
208,besselK,do_math3,44,11,3,PP_FUNCALL,PREC_FN,0,internal,BUILTINSXP,True
209,rchisq,do_random1,0,11,2,PP_FUNCALL,PREC_FN,0,internal,BUILTINSXP,True
210,rexp,do_random1,1,11,2,PP_FUNCALL,PREC_FN,0,internal,BUILTINSXP,True
211,rgeom,do_random1,2,11,2,PP_FUNCALL,PREC_FN,0,internal,BUILTINSXP,True
212,rpois,do_random1,3,11,2,PP_FUNCALL,PREC_FN,0,internal,BUILTINSXP,True
213,rt,do_random1,4,11,2,PP_FUNCALL,PREC_FN,0,internal,BUILTINSXP,True
214,rsignrank,do_random1,5,11,2,PP_FUNCALL,PREC_FN,0,internal,BUILTINSXP,True
215,rbeta,do_random2,0,11,3,PP_FUNCALL,PREC_FN,0,internal,BUILTINSXP,True
216,rbinom,do_random2,1,11,3,PP_FUNCALL,PREC_FN,0,internal,BUILTINSXP,True
217,rcauchy,do_random2,2,11,3,PP_FUNCALL,PREC_FN,0,internal,BUILTINSXP,True
218,rf,do_random2,3,11,3,PP_FUNCALL,PREC_FN,0,internal,BUILTINSXP,True
219,rgamma,do_random2,4,11,3,PP_FUNCALL,PREC_FN,0,internal,BUILTINSXP,True
220,rlnorm,do_random2,5,11,3,PP_FUNCALL,PREC_FN,0,internal,BUILTINSXP,True
221,rlogis,do_random2,6,11,3,PP_FUNCALL,PREC_FN,0,internal,BUILTINSXP,True
222,rnbinom,do_random2,7,11,3,PP_FUNCALL,PREC_FN,0,internal,BUILTINSXP,True
223,rnbinom_mu,do_random2,13,11,3,PP_FUNCALL,PREC_FN,0,internal,BUILTINSXP,True
224,rnchisq,do_random2,12,11,3,PP_FUNCALL,PREC_FN,0,internal,BUILTINSXP,True
225,rnorm,do_random2,8,11,3,PP_FUNCALL,PREC_FN,0,internal,BUILTINSXP,True
226,runif,do_random2,9,11,3,PP_FUNCALL,PREC_FN,0,internal,BUILTINSXP,True
227,rweibull,do_random2,10,11,3,PP_FUNCALL,PREC_FN,0,internal,BUILTINSXP,True
228,rwilcox,do_random2,11,11,3,PP_FUNCALL,PREC_FN,0,internal,BUILTINSXP,True
229,rhyper,do_random3,0,11,4,PP_FUNCALL,PREC_FN,0,internal,BUILTINSXP,True
230,sample,do_sample,0,11,4,PP_FUNCALL,PREC_FN,0,internal,BUILTINSXP,True
231,sample2,do_sample2,0,11,2,PP_FUNCALL,PREC_FN,0,internal,BUILTINSXP,True
232,RNGkind,do_RNGkind,0,11,4,PP_FUNCALL,PREC_FN,0,internal,BUILTINSXP,True
233,set.seed,do_setseed,0,111,5,PP_FUNCALL,PREC_FN,0,internal,BUILTINSXP,True
234,sum,do_summary,0,1,-1,PP_FUNCALL,PREC_FN,0,primitive,BUILTINSXP,True
235,min,do_summary,2,1,-1,PP_FUNCALL,PREC_FN,0,primitive,BUILTINSXP,True
236,max,do_summary,3,1,-1,PP_FUNCALL,PREC_FN,0,primitive,BUILTINSXP,True
237,prod,do_summary,4,1,-1,PP_FUNCALL,PREC_FN,0,primitive,BUILTINSXP,True
238,mean,do_summary,1,11,1,PP_FUNCALL,PREC_FN,0,internal,BUILTINSXP,True
239,range,do_range,0,1,-1,PP_FUNCALL,PREC_FN,0,primitive,BUILTINSXP,True
240,cumsum,do_cum,1,1,1,PP_FUNCALL,PREC_FN,0,primitive,BUILTINSXP,True
241,cumprod,do_cum,2,1,1,PP_FUNCALL,PREC_FN,0,primitive,BUILTINSXP,True
242,cummax,do_cum,3,1,1,PP_FUNCALL,PREC_FN,0,primitive,BUILTINSXP,True
243,cummin,do_cum,4,1,1,PP_FUNCALL,PREC_FN,0,primitive,BUILTINSXP,True
244,cumvar,do_cum,5,1,1,PP_FUNCALL,PREC_FN,0,primitive,BUILTINSXP,True
245,as.character,do_asatomic,0,1,-1,PP_FUNCALL,PREC_FN,0,primitive,BUILTINSXP,True
246,as.integer,do_asatomic,1,1,-1,PP_FUNCALL,PREC_FN,0,primitive,BUILTINSXP,True
247,as.double,do_asatomic,2,1,-1,PP_FUNCALL,PREC_FN,0,primitive,BUILTINSXP,True
248,as.numeric,do_asatomic,2,1,-1,PP_FUNCALL,PREC_FN,0,primitive,BUILTINSXP,True
249,as.complex,do_asatomic,3,1,-1,PP_FUNCALL,PREC_FN,0,primitive,BUILTINSXP,True
250,as.logical,do_asatomic,4,1,-1,PP_FUNCALL,PREC_FN,0,primitive,BUILTINSXP,True
251,as.raw,do_asatomic,5,1,1,PP_FUNCALL,PREC_FN,0,primitive,BUILTINSXP,True
252,as.call,do_ascall,0,1,1,PP_FUNCALL,PREC_FN,0,primitive,BUILTINSXP,True
253,as.environment,do_as_environment,0,1,1,PP_FUNCALL,PREC_FN,0,primitive,BUILTINSXP,True
254,storage.mode<-,do_storage_mode,0,1,2,PP_FUNCALL,PREC_FN,0,primitive,BUILTINSXP,True
255,asCharacterFactor,do_asCharacterFactor,0,11,1,PP_FUNCALL,PREC_FN,0,internal,BUILTINSXP,True
256,as.vector,do_asvector,0,11,2,PP_FUNCALL,PREC_FN,0,internal,BUILTINSXP,True
257,paste,do_paste,0,11,4,PP_FUNCALL,PREC_FN,0,internal,BUILTINSXP,True
258,paste0,do_paste,1,11,3,PP_FUNCALL,PREC_FN,0,internal,BUILTINSXP,True
259,file.path,do_filepath,0,11,2,PP_FUNCALL,PREC_FN,0,internal,BUILTINSXP,True
260,format,do_format,0,11,9,PP_FUNCALL,PREC_FN,0,internal,BUILTINSXP,True
261,format.info,do_formatinfo,0,11,3,PP_FUNCALL,PREC_FN,0,internal,BUILTINSXP,True
262,cat,do_cat,0,111,6,PP_FUNCALL,PREC_FN,0,internal,BUILTINSXP,True
263,do.call,do_docall,0,211,3,PP_FUNCALL,PREC_FN,0,internal,BUILTINSXP,True
264,str2lang,do_str2lang,0,11,1,PP_FUNCALL,PREC_FN,0,internal,BUILTINSXP,True
265,str2expression,do_str2lang,1,11,1,PP_FUNCALL,PREC_FN,0,internal,BUILTINSXP,True
266,nchar,do_nchar,1,11,4,PP_FUNCALL,PREC_FN,0,internal,BUILTINSXP,True
267,nzchar,do_nzchar,1,1,-1,PP_FUNCALL,PREC_FN,0,primitive,BUILTINSXP,True
268,substr,do_substr,1,11,3,PP_FUNCALL,PREC_FN,0,internal,BUILTINSXP,True
269,startsWith,do_startsWith,0,11,2,PP_FUNCALL,PREC_FN,0,internal,BUILTINSXP,True
270,endsWith,do_startsWith,1,11,2,PP_FUNCALL,PREC_FN,0,internal,BUILTINSXP,True
271,substr<-,do_substrgets,1,11,4,PP_FUNCALL,PREC_FN,0,internal,BUILTINSXP,True
272,strsplit,do_strsplit,1,11,5,PP_FUNCALL,PREC_FN,0,internal,BUILTINSXP,True
273,abbreviate,do_abbrev,1,11,3,PP_FUNCALL,PREC_FN,0,internal,BUILTINSXP,True
274,make.names,do_makenames,0,11,2,PP_FUNCALL,PREC_FN,0,internal,BUILTINSXP,True
275,pcre_config,do_pcre_config,1,11,0,PP_FUNCALL,PREC_FN,0,internal,BUILTINSXP,True
276,grep,do_grep,0,11,8,PP_FUNCALL,PREC_FN,0,internal,BUILTINSXP,True
277,grepl,do_grep,1,11,8,PP_FUNCALL,PREC_FN,0,internal,BUILTINSXP,True
278,grepRaw,do_grepraw,0,11,8,PP_FUNCALL,PREC_FN,0,internal,BUILTINSXP,True
279,sub,do_gsub,0,11,7,PP_FUNCALL,PREC_FN,0,internal,BUILTINSXP,True
280,gsub,do_gsub,1,11,7,PP_FUNCALL,PREC_FN,0,internal,BUILTINSXP,True
281,regexpr,do_regexpr,0,11,6,PP_FUNCALL,PREC_FN,0,internal,BUILTINSXP,True
282,gregexpr,do_regexpr,1,11,6,PP_FUNCALL,PREC_FN,0,internal,BUILTINSXP,True
283,regexec,do_regexec,1,11,5,PP_FUNCALL,PREC_FN,0,internal,BUILTINSXP,True
284,agrep,do_agrep,0,11,8,PP_FUNCALL,PREC_FN,0,internal,BUILTINSXP,True
285,agrepl,do_agrep,1,11,8,PP_FUNCALL,PREC_FN,0,internal,BUILTINSXP,True
286,adist,do_adist,1,11,8,PP_FUNCALL,PREC_FN,0,internal,BUILTINSXP,True
287,aregexec,do_aregexec,1,11,7,PP_FUNCALL,PREC_FN,0,internal,BUILTINSXP,True
288,tolower,do_tolower,0,11,1,PP_FUNCALL,PREC_FN,0,internal,BUILTINSXP,True
289,toupper,do_tolower,1,11,1,PP_FUNCALL,PREC_FN,0,internal,BUILTINSXP,True
290,chartr,do_chartr,1,11,3,PP_FUNCALL,PREC_FN,0,internal,BUILTINSXP,True
291,sprintf,do_sprintf,1,11,-1,PP_FUNCALL,PREC_FN,0,internal,BUILTINSXP,True
292,make.unique,do_makeunique,0,11,2,PP_FUNCALL,PREC_FN,0,internal,BUILTINSXP,True
293,charToRaw,do_charToRaw,1,11,1,PP_FUNCALL,PREC_FN,0,internal,BUILTINSXP,True
294,rawToChar,do_rawToChar,1,11,2,PP_FUNCALL,PREC_FN,0,internal,BUILTINSXP,True
295,rawShift,do_rawShift,1,11,2,PP_FUNCALL,PREC_FN,0,internal,BUILTINSXP,True
296,intToBits,do_intToBits,1,11,1,PP_FUNCALL,PREC_FN,0,internal,BUILTINSXP,True
297,numToBits,do_numToBits,1,11,1,PP_FUNCALL,PREC_FN,0,internal,BUILTINSXP,True
298,numToInts,do_numToInts,1,11,1,PP_FUNCALL,PREC_FN,0,internal,BUILTINSXP,True
299,rawToBits,do_rawToBits,1,11,1,PP_FUNCALL,PREC_FN,0,internal,BUILTINSXP,True
300,packBits,do_packBits,1,11,2,PP_FUNCALL,PREC_FN,0,internal,BUILTINSXP,True
301,utf8ToInt,do_utf8ToInt,1,11,1,PP_FUNCALL,PREC_FN,0,internal,BUILTINSXP,True
302,intToUtf8,do_intToUtf8,1,11,3,PP_FUNCALL,PREC_FN,0,internal,BUILTINSXP,True
303,validUTF8,do_validUTF8,1,11,1,PP_FUNCALL,PREC_FN,0,internal,BUILTINSXP,True
304,validEnc,do_validEnc,1,11,1,PP_FUNCALL,PREC_FN,0,internal,BUILTINSXP,True
305,encodeString,do_encodeString,1,11,5,PP_FUNCALL,PREC_FN,0,internal,BUILTINSXP,True
306,iconv,do_iconv,0,11,6,PP_FUNCALL,PREC_FN,0,internal,BUILTINSXP,True
307,strtrim,do_strtrim,0,11,2,PP_FUNCALL,PREC_FN,0,internal,BUILTINSXP,True
308,strtoi,do_strtoi,0,11,2,PP_FUNCALL,PREC_FN,0,internal,BUILTINSXP,True
309,strrep,do_strrep,0,11,2,PP_FUNCALL,PREC_FN,0,internal,BUILTINSXP,True
310,is.null,do_is,NILSXP,1,1,PP_FUNCALL,PREC_FN,0,primitive,BUILTINSXP,True
311,is.logical,do_is,LGLSXP,1,1,PP_FUNCALL,PREC_FN,0,primitive,BUILTINSXP,True
312,is.integer,do_is,INTSXP,1,1,PP_FUNCALL,PREC_FN,0,primitive,BUILTINSXP,True
313,is.double,do_is,REALSXP,1,1,PP_FUNCALL,PREC_FN,0,primitive,BUILTINSXP,True
314,is.complex,do_is,CPLXSXP,1,1,PP_FUNCALL,PREC_FN,0,primitive,BUILTINSXP,True
315,is.character,do_is,STRSXP,1,1,PP_FUNCALL,PREC_FN,0,primitive,BUILTINSXP,True
316,is.symbol,do_is,SYMSXP,1,1,PP_FUNCALL,PREC_FN,0,primitive,BUILTINSXP,True
317,is.name,do_is,SYMSXP,1,1,PP_FUNCALL,PREC_FN,0,primitive,BUILTINSXP,True
318,is.environment,do_is,ENVSXP,1,1,PP_FUNCALL,PREC_FN,0,primitive,BUILTINSXP,True
319,is.list,do_is,VECSXP,1,1,PP_FUNCALL,PREC_FN,0,primitive,BUILTINSXP,True
320,is.pairlist,do_is,LISTSXP,1,1,PP_FUNCALL,PREC_FN,0,primitive,BUILTINSXP,True
321,is.expression,do_is,EXPRSXP,1,1,PP_FUNCALL,PREC_FN,0,primitive,BUILTINSXP,True
322,is.raw,do_is,RAWSXP,1,1,PP_FUNCALL,PREC_FN,0,primitive,BUILTINSXP,True
323,is.object,do_is,50,1,1,PP_FUNCALL,PREC_FN,0,primitive,BUILTINSXP,True
324,isS4,do_is,51,1,1,PP_FUNCALL,PREC_FN,0,primitive,BUILTINSXP,True
325,is.numeric,do_is,100,1,1,PP_FUNCALL,PREC_FN,0,primitive,BUILTINSXP,True
326,is.matrix,do_is,101,1,1,PP_FUNCALL,PREC_FN,0,primitive,BUILTINSXP,True
327,is.array,do_is,102,1,1,PP_FUNCALL,PREC_FN,0,primitive,BUILTINSXP,True
328,is.atomic,do_is,200,1,1,PP_FUNCALL,PREC_FN,0,primitive,BUILTINSXP,True
329,is.recursive,do_is,201,1,1,PP_FUNCALL,PREC_FN,0,primitive,BUILTINSXP,True
330,is.call,do_is,300,1,1,PP_FUNCALL,PREC_FN,0,primitive,BUILTINSXP,True
331,is.language,do_is,301,1,1,PP_FUNCALL,PREC_FN,0,primitive,BUILTINSXP,True
332,is.function,do_is,302,1,1,PP_FUNCALL,PREC_FN,0,primitive,BUILTINSXP,True
333,is.single,do_is,999,1,1,PP_FUNCALL,PREC_FN,0,primitive,BUILTINSXP,True
334,is.na,do_isna,0,1,1,PP_FUNCALL,PREC_FN,0,primitive,BUILTINSXP,True
335,is.nan,do_isnan,0,1,1,PP_FUNCALL,PREC_FN,0,primitive,BUILTINSXP,True
336,is.finite,do_isfinite,0,1,1,PP_FUNCALL,PREC_FN,0,primitive,BUILTINSXP,True
337,is.infinite,do_isinfinite,0,1,1,PP_FUNCALL,PREC_FN,0,primitive,BUILTINSXP,True
338,is.vector,do_isvector,0,11,2,PP_FUNCALL,PREC_FN,0,internal,BUILTINSXP,True
339,proc.time,do_proctime,0,1,0,PP_FUNCALL,PREC_FN,0,primitive,BUILTINSXP,True
340,gc.time,do_gctime,0,1,-1,PP_FUNCALL,PREC_FN,0,primitive,BUILTINSXP,True
341,withVisible,do_withVisible,1,10,1,PP_FUNCALL,PREC_FN,0,internal,SPECIALSXP,False
342,expression,do_expression,1,0,-1,PP_FUNCALL,PREC_FN,0,primitive,SPECIALSXP,False
343,interactive,do_interactive,0,1,0,PP_FUNCALL,PREC_FN,0,primitive,BUILTINSXP,True
344,invisible,do_invisible,0,101,1,PP_FUNCALL,PREC_FN,0,primitive,BUILTINSXP,True
345,rep,do_rep,0,0,-1,PP_FUNCALL,PREC_FN,0,primitive,SPECIALSXP,False
346,rep.int,do_rep_int,0,11,2,PP_FUNCALL,PREC_FN,0,internal,BUILTINSXP,True
347,rep_len,do_rep_len,0,11,2,PP_FUNCALL,PREC_FN,0,internal,BUILTINSXP,True
348,seq.int,do_seq,0,1,-1,PP_FUNCALL,PREC_FN,0,primitive,BUILTINSXP,True
349,seq_len,do_seq_len,0,1,1,PP_FUNCALL,PREC_FN,0,primitive,BUILTINSXP,True
350,seq_along,do_seq_along,0,1,1,PP_FUNCALL,PREC_FN,0,primitive,BUILTINSXP,True
351,list,do_makelist,1,1,-1,PP_FUNCALL,PREC_FN,0,primitive,BUILTINSXP,True
352,xtfrm,do_xtfrm,0,1,1,PP_FUNCALL,PREC_FN,0,primitive,BUILTINSXP,True
353,enc2native,do_enc2,0,1,1,PP_FUNCALL,PREC_FN,0,primitive,BUILTINSXP,True
354,enc2utf8,do_enc2,1,1,1,PP_FUNCALL,PREC_FN,0,primitive,BUILTINSXP,True
355,emptyenv,do_emptyenv,0,1,0,PP_FUNCALL,PREC_FN,0,primitive,BUILTINSXP,True
356,baseenv,do_baseenv,0,1,0,PP_FUNCALL,PREC_FN,0,primitive,BUILTINSXP,True
357,globalenv,do_globalenv,0,1,0,PP_FUNCALL,PREC_FN,0,primitive,BUILTINSXP,True
358,environment<-,do_envirgets,0,1,2,PP_FUNCALL,PREC_LEFT,1,primitive,BUILTINSXP,True
359,pos.to.env,do_pos2env,0,1,1,PP_FUNCALL,PREC_FN,0,primitive,BUILTINSXP,True
360,.C,do_dotCode,0,1,-1,PP_FOREIGN,PREC_FN,0,primitive,BUILTINSXP,True
361,.Fortran,do_dotCode,1,1,-1,PP_FOREIGN,PREC_FN,0,primitive,BUILTINSXP,True
362,.External,do_External,0,1,-1,PP_FOREIGN,PREC_FN,0,primitive,BUILTINSXP,True
363,.External2,do_External,1,201,-1,PP_FOREIGN,PREC_FN,0,primitive,BUILTINSXP,True
364,.Call,do_dotcall,0,1,-1,PP_FOREIGN,PREC_FN,0,primitive,BUILTINSXP,True
365,.External.graphics,do_Externalgr,0,1,-1,PP_FOREIGN,PREC_FN,0,primitive,BUILTINSXP,True
366,.Call.graphics,do_dotcallgr,0,1,-1,PP_FOREIGN,PREC_FN,0,primitive,BUILTINSXP,True
367,eapply,do_eapply,0,10,4,PP_FUNCALL,PREC_FN,0,internal,SPECIALSXP,False
368,lapply,do_lapply,0,10,2,PP_FUNCALL,PREC_FN,0,internal,SPECIALSXP,False
369,vapply,do_vapply,0,10,4,PP_FUNCALL,PREC_FN,0,internal,SPECIALSXP,False
370,mapply,do_mapply,0,11,3,PP_FUNCALL,PREC_FN,0,internal,BUILTINSXP,True
371,Version,do_version,0,11,0,PP_FUNCALL,PREC_FN,0,internal,BUILTINSXP,True
372,machine,do_machine,0,11,0,PP_FUNCALL,PREC_FN,0,internal,BUILTINSXP,True
373,commandArgs,do_commandArgs,0,11,0,PP_FUNCALL,PREC_FN,0,internal,BUILTINSXP,True
374,internalsID,do_internalsID,0,11,0,PP_FUNCALL,PREC_FN,0,internal,BUILTINSXP,True
375,system,do_system,0,211,7,PP_FUNCALL,PREC_FN,0,internal,BUILTINSXP,True
376,system,do_system,0,211,4,PP_FUNCALL,PREC_FN,0,internal,BUILTINSXP,True
377,shell.exec,do_shellexec,0,111,1,PP_FUNCALL,PREC_FN,0,internal,BUILTINSXP,True
378,Sys.which,do_syswhich,0,11,1,PP_FUNCALL,PREC_FN,0,internal,BUILTINSXP,True
379,mkjunction,do_mkjunction,0,11,2,PP_FUNCALL,PREC_FN,0,internal,BUILTINSXP,True
380,tzone_name,do_tzone_name,0,11,0,PP_FUNCALL,PREC_FN,0,internal,BUILTINSXP,True
381,parse,do_parse,0,11,6,PP_FUNCALL,PREC_FN,0,internal,BUILTINSXP,True
382,parse_Rd,do_parseRd,0,11,7,PP_FUNCALL,PREC_FN,0,internal,BUILTINSXP,True
383,deparseRd,do_deparseRd,0,11,2,PP_FUNCALL,PREC_FN,0,internal,BUILTINSXP,True
384,parseLatex,do_parseLatex,0,11,5,PP_FUNCALL,PREC_FN,0,internal,BUILTINSXP,True
385,save,do_save,0,111,6,PP_FUNCALL,PREC_FN,0,internal,BUILTINSXP,True
386,saveToConn,do_saveToConn,0,111,6,PP_FUNCALL,PREC_FN,0,internal,BUILTINSXP,True
387,load,do_load,0,111,2,PP_FUNCALL,PREC_FN,0,internal,BUILTINSXP,True
388,loadFromConn2,do_loadFromConn2,0,111,3,PP_FUNCALL,PREC_FN,0,internal,BUILTINSXP,True
389,loadInfoFromConn2,do_loadFromConn2,1,11,1,PP_FUNCALL,PREC_FN,0,internal,BUILTINSXP,True
390,serializeToConn,do_serializeToConn,0,111,5,PP_FUNCALL,PREC_FN,0,internal,BUILTINSXP,True
391,unserializeFromConn,do_unserializeFromConn,0,11,2,PP_FUNCALL,PREC_FN,0,internal,BUILTINSXP,True
392,serializeInfoFromConn,do_unserializeFromConn,1,11,1,PP_FUNCALL,PREC_FN,0,internal,BUILTINSXP,True
393,deparse,do_deparse,0,11,5,PP_FUNCALL,PREC_FN,0,internal,BUILTINSXP,True
394,dput,do_dput,0,111,3,PP_FUNCALL,PREC_FN,0,internal,BUILTINSXP,True
395,dump,do_dump,0,111,5,PP_FUNCALL,PREC_FN,0,internal,BUILTINSXP,True
396,quit,do_quit,0,111,3,PP_FUNCALL,PREC_FN,0,internal,BUILTINSXP,True
397,readline,do_readln,0,11,1,PP_FUNCALL,PREC_FN,0,internal,BUILTINSXP,True
398,print.default,do_printdefault,0,111,3,PP_FUNCALL,PREC_FN,0,internal,BUILTINSXP,True
399,prmatrix,do_prmatrix,0,111,6,PP_FUNCALL,PREC_FN,0,internal,BUILTINSXP,True
400,gc,do_gc,0,11,3,PP_FUNCALL,PREC_FN,0,internal,BUILTINSXP,True
401,gcinfo,do_gcinfo,0,11,1,PP_FUNCALL,PREC_FN,0,internal,BUILTINSXP,True
402,gctorture,do_gctorture,0,111,1,PP_FUNCALL,PREC_FN,0,internal,BUILTINSXP,True
403,gctorture2,do_gctorture2,0,11,3,PP_FUNCALL,PREC_FN,0,internal,BUILTINSXP,True
404,memory.profile,do_memoryprofile,0,11,0,PP_FUNCALL,PREC_FN,0,internal,BUILTINSXP,True
405,mem.maxVSize,do_maxVSize,0,11,1,PP_FUNCALL,PREC_FN,0,internal,BUILTINSXP,True
406,mem.maxNSize,do_maxNSize,0,11,1,PP_FUNCALL,PREC_FN,0,internal,BUILTINSXP,True
407,split,do_split,0,11,2,PP_FUNCALL,PREC_FN,0,internal,BUILTINSXP,True
408,is.loaded,do_isloaded,0,11,-1,PP_FOREIGN,PREC_FN,0,internal,BUILTINSXP,True
409,recordGraphics,do_recordGraphics,0,211,3,PP_FOREIGN,PREC_FN,0,internal,BUILTINSXP,True
410,dyn.load,do_dynload,0,111,4,PP_FUNCALL,PREC_FN,0,internal,BUILTINSXP,True
411,dyn.unload,do_dynunload,0,111,1,PP_FUNCALL,PREC_FN,0,internal,BUILTINSXP,True
412,ls,do_ls,1,11,3,PP_FUNCALL,PREC_FN,0,internal,BUILTINSXP,True
413,typeof,do_typeof,1,11,1,PP_FUNCALL,PREC_FN,0,internal,BUILTINSXP,True
414,eval,do_eval,0,211,3,PP_FUNCALL,PREC_FN,0,internal,BUILTINSXP,True
415,Exec,do_tailcall,0,200,-1,PP_FUNCALL,PREC_FN,0,primitive,SPECIALSXP,False
416,Tailcall,do_tailcall,1,200,-1,PP_FUNCALL,PREC_FN,0,primitive,SPECIALSXP,False
417,returnValue,do_returnValue,0,11,1,PP_FUNCALL,PREC_FN,0,internal,BUILTINSXP,True
418,sys.parent,do_sys,1,11,-1,PP_FUNCALL,PREC_FN,0,internal,BUILTINSXP,True
419,sys.call,do_sys,2,11,-1,PP_FUNCALL,PREC_FN,0,internal,BUILTINSXP,True
420,sys.frame,do_sys,3,11,-1,PP_FUNCALL,PREC_FN,0,internal,BUILTINSXP,True
421,sys.nframe,do_sys,4,11,-1,PP_FUNCALL,PREC_FN,0,internal,BUILTINSXP,True
422,sys.calls,do_sys,5,11,-1,PP_FUNCALL,PREC_FN,0,internal,BUILTINSXP,True
423,sys.frames,do_sys,6,11,-1,PP_FUNCALL,PREC_FN,0,internal,BUILTINSXP,True
424,sys.on.exit,do_sys,7,11,-1,PP_FUNCALL,PREC_FN,0,internal,BUILTINSXP,True
425,sys.parents,do_sys,8,11,-1,PP_FUNCALL,PREC_FN,0,internal,BUILTINSXP,True
426,sys.function,do_sys,9,11,-1,PP_FUNCALL,PREC_FN,0,internal,BUILTINSXP,True
427,traceback,do_traceback,0,11,1,PP_FUNCALL,PREC_FN,0,internal,BUILTINSXP,True
428,browserText,do_sysbrowser,1,11,1,PP_FUNCALL,PREC_FN,0,internal,BUILTINSXP,True
429,browserCondition,do_sysbrowser,2,11,1,PP_FUNCALL,PREC_FN,0,internal,BUILTINSXP,True
430,browserSetDebug,do_sysbrowser,3,111,1,PP_FUNCALL,PREC_FN,0,internal,BUILTINSXP,True
431,parent.frame,do_parentframe,0,11,1,PP_FUNCALL,PREC_FN,0,internal,BUILTINSXP,True
432,sort,do_sort,1,11,2,PP_FUNCALL,PREC_FN,0,internal,BUILTINSXP,True
433,is.unsorted,do_isunsorted,0,11,3,PP_FUNCALL,PREC_FN,0,internal,BUILTINSXP,True
434,sorted_fpass,do_sorted_fpass,0,11,3,PP_FUNCALL,PREC_FN,0,internal,BUILTINSXP,True
435,psort,do_psort,0,11,2,PP_FUNCALL,PREC_FN,0,internal,BUILTINSXP,True
436,qsort,do_qsort,0,11,2,PP_FUNCALL,PREC_FN,0,internal,BUILTINSXP,True
437,radixsort,do_radixsort,0,11,-1,PP_FUNCALL,PREC_FN,0,internal,BUILTINSXP,True
438,order,do_order,0,11,-1,PP_FUNCALL,PREC_FN,0,internal,BUILTINSXP,True
439,rank,do_rank,0,11,3,PP_FUNCALL,PREC_FN,0,internal,BUILTINSXP,True
440,scan,do_scan,0,11,19,PP_FUNCALL,PREC_FN,0,internal,BUILTINSXP,True
441,t.default,do_transpose,0,11,1,PP_FUNCALL,PREC_FN,0,internal,BUILTINSXP,True
442,aperm,do_aperm,0,11,3,PP_FUNCALL,PREC_FN,0,internal,BUILTINSXP,True
443,builtins,do_builtins,0,11,1,PP_FUNCALL,PREC_FN,0,internal,BUILTINSXP,True
444,args,do_args,0,11,1,PP_FUNCALL,PREC_FN,0,internal,BUILTINSXP,True
445,formals,do_formals,0,11,1,PP_FUNCALL,PREC_FN,0,internal,BUILTINSXP,True
446,body,do_body,0,11,1,PP_FUNCALL,PREC_FN,0,internal,BUILTINSXP,True
447,bodyCode,do_bodyCode,0,11,1,PP_FUNCALL,PREC_FN,0,internal,BUILTINSXP,True
448,environment,do_envir,0,11,1,PP_FUNCALL,PREC_FN,0,internal,BUILTINSXP,True
449,environmentName,do_envirName,0,11,1,PP_FUNCALL,PREC_FN,0,internal,BUILTINSXP,True
450,env2list,do_env2list,0,11,3,PP_FUNCALL,PREC_FN,0,internal,BUILTINSXP,True
451,reg.finalizer,do_regFinaliz,0,11,3,PP_FUNCALL,PREC_FN,0,internal,BUILTINSXP,True
452,options,do_options,0,211,-1,PP_FUNCALL,PREC_FN,0,internal,BUILTINSXP,True
453,getOption,do_getOption,0,11,1,PP_FUNCALL,PREC_FN,0,internal,BUILTINSXP,True
454,sink,do_sink,0,111,4,PP_FUNCALL,PREC_FN,0,internal,BUILTINSXP,True
455,sink.number,do_sinknumber,0,11,1,PP_FUNCALL,PREC_FN,0,internal,BUILTINSXP,True
456,rapply,do_rapply,0,11,5,PP_FUNCALL,PREC_FN,0,internal,BUILTINSXP,True
457,islistfactor,do_islistfactor,0,11,2,PP_FUNCALL,PREC_FN,0,internal,BUILTINSXP,True
458,colSums,do_colsum,0,11,4,PP_FUNCALL,PREC_FN,0,internal,BUILTINSXP,True
459,colMeans,do_colsum,1,11,4,PP_FUNCALL,PREC_FN,0,internal,BUILTINSXP,True
460,rowSums,do_colsum,2,11,4,PP_FUNCALL,PREC_FN,0,internal,BUILTINSXP,True
461,rowMeans,do_colsum,3,11,4,PP_FUNCALL,PREC_FN,0,internal,BUILTINSXP,True
462,tracemem,do_tracemem,0,1,1,PP_FUNCALL,PREC_FN,0,primitive,BUILTINSXP,True
463,retracemem,do_retracemem,0,201,-1,PP_FUNCALL,PREC_FN,0,primitive,BUILTINSXP,True
464,untracemem,do_untracemem,0,101,1,PP_FUNCALL,PREC_FN,0,primitive,BUILTINSXP,True
465,inspect,do_inspect,0,111,-1,PP_FUNCALL,PREC_FN,0,internal,BUILTINSXP,True
466,address,do_address,0,11,1,PP_FUNCALL,PREC_FN,0,internal,BUILTINSXP,True
467,named,do_named,0,11,1,PP_FUNCALL,PREC_FN,0,internal,BUILTINSXP,True
468,refcnt,do_refcnt,0,11,1,PP_FUNCALL,PREC_FN,0,internal,BUILTINSXP,True
469,merge,do_merge,0,11,4,PP_FUNCALL,PREC_FN,0,internal,BUILTINSXP,True
470,capabilities,do_capabilities,0,11,0,PP_FUNCALL,PREC_FN,0,internal,BUILTINSXP,True
471,capabilitiesX11,do_capabilitiesX11,0,11,0,PP_FUNCALL,PREC_FN,0,internal,BUILTINSXP,True
472,new.env,do_newenv,0,11,3,PP_FUNCALL,PREC_FN,0,internal,BUILTINSXP,True
473,parent.env,do_parentenv,0,11,1,PP_FUNCALL,PREC_FN,0,internal,BUILTINSXP,True
474,parent.env<-,do_parentenvgets,0,11,2,PP_FUNCALL,PREC_LEFT,1,internal,BUILTINSXP,True
475,topenv,do_topenv,0,11,2,PP_FUNCALL,PREC_FN,0,internal,BUILTINSXP,True
476,l10n_info,do_l10n_info,0,11,0,PP_FUNCALL,PREC_FN,0,internal,BUILTINSXP,True
477,Cstack_info,do_Cstack_info,0,11,0,PP_FUNCALL,PREC_FN,0,internal,BUILTINSXP,True
478,mmap_file,do_mmap_file,0,11,-1,PP_FUNCALL,PREC_FN,0,internal,BUILTINSXP,True
479,munmap_file,do_munmap_file,0,111,1,PP_FUNCALL,PREC_FN,0,internal,BUILTINSXP,True
480,wrap_meta,do_wrap_meta,0,11,3,PP_FUNCALL,PREC_FN,0,internal,BUILTINSXP,True
481,tryWrap,do_tryWrap,0,11,1,PP_FUNCALL,PREC_FN,0,internal,BUILTINSXP,True
482,altrep_class,do_altrep_class,0,11,1,PP_FUNCALL,PREC_FN,0,internal,BUILTINSXP,True
483,file.show,do_fileshow,0,111,5,PP_FUNCALL,PREC_FN,0,internal,BUILTINSXP,True
484,file.create,do_filecreate,0,11,2,PP_FUNCALL,PREC_FN,0,internal,BUILTINSXP,True
485,file.remove,do_fileremove,0,11,1,PP_FUNCALL,PREC_FN,0,internal,BUILTINSXP,True
486,file.rename,do_filerename,0,11,2,PP_FUNCALL,PREC_FN,0,internal,BUILTINSXP,True
487,file.append,do_fileappend,0,11,2,PP_FUNCALL,PREC_FN,0,internal,BUILTINSXP,True
488,file.symlink,do_filesymlink,0,11,2,PP_FUNCALL,PREC_FN,0,internal,BUILTINSXP,True
489,file.link,do_filelink,0,11,2,PP_FUNCALL,PREC_FN,0,internal,BUILTINSXP,True
490,file.copy,do_filecopy,0,11,6,PP_FUNCALL,PREC_FN,0,internal,BUILTINSXP,True
491,list.files,do_listfiles,0,11,9,PP_FUNCALL,PREC_FN,0,internal,BUILTINSXP,True
492,list.dirs,do_listdirs,0,11,3,PP_FUNCALL,PREC_FN,0,internal,BUILTINSXP,True
493,file.exists,do_fileexists,0,11,1,PP_FUNCALL,PREC_FN,0,internal,BUILTINSXP,True
494,file.choose,do_filechoose,0,11,1,PP_FUNCALL,PREC_FN,0,internal,BUILTINSXP,True
495,file.info,do_fileinfo,0,11,2,PP_FUNCALL,PREC_FN,0,internal,BUILTINSXP,True
496,file.access,do_fileaccess,0,11,2,PP_FUNCALL,PREC_FN,0,internal,BUILTINSXP,True
497,dir.exists,do_direxists,0,11,1,PP_FUNCALL,PREC_FN,0,internal,BUILTINSXP,True
498,dir.create,do_dircreate,0,111,4,PP_FUNCALL,PREC_FN,0,internal,BUILTINSXP,True
499,tempfile,do_tempfile,0,11,3,PP_FUNCALL,PREC_FN,0,internal,BUILTINSXP,True
500,tempdir,do_tempdir,0,11,1,PP_FUNCALL,PREC_FN,0,internal,BUILTINSXP,True
501,R.home,do_Rhome,0,11,0,PP_FUNCALL,PREC_FN,0,internal,BUILTINSXP,True
502,date,do_date,0,11,0,PP_FUNCALL,PREC_FN,0,internal,BUILTINSXP,True
503,Sys.getenv,do_getenv,0,11,2,PP_FUNCALL,PREC_FN,0,internal,BUILTINSXP,True
504,Sys.setenv,do_setenv,0,111,2,PP_FUNCALL,PREC_FN,0,internal,BUILTINSXP,True
505,Sys.unsetenv,do_unsetenv,0,111,1,PP_FUNCALL,PREC_FN,0,internal,BUILTINSXP,True
506,getwd,do_getwd,0,11,0,PP_FUNCALL,PREC_FN,0,internal,BUILTINSXP,True
507,setwd,do_setwd,0,111,1,PP_FUNCALL,PREC_FN,0,internal,BUILTINSXP,True
508,basename,do_basename,0,11,1,PP_FUNCALL,PREC_FN,0,internal,BUILTINSXP,True
509,dirname,do_dirname,0,11,1,PP_FUNCALL,PREC_FN,0,internal,BUILTINSXP,True
510,Sys.chmod,do_syschmod,0,111,3,PP_FUNCALL,PREC_FN,0,internal,BUILTINSXP,True
511,Sys.umask,do_sysumask,0,211,1,PP_FUNCALL,PREC_FN,0,internal,BUILTINSXP,True
512,Sys.readlink,do_readlink,0,11,1,PP_FUNCALL,PREC_FN,0,internal,BUILTINSXP,True
513,Sys.info,do_sysinfo,0,11,0,PP_FUNCALL,PREC_FN,0,internal,BUILTINSXP,True
514,Sys.sleep,do_syssleep,0,111,1,PP_FUNCALL,PREC_FN,0,internal,BUILTINSXP,True
515,Sys.getlocale,do_getlocale,0,11,1,PP_FUNCALL,PREC_FN,0,internal,BUILTINSXP,True
516,Sys.setlocale,do_setlocale,0,11,2,PP_FUNCALL,PREC_FN,0,internal,BUILTINSXP,True
517,Sys.localeconv,do_localeconv,0,11,0,PP_FUNCALL,PREC_FN,0,internal,BUILTINSXP,True
518,path.expand,do_pathexpand,0,11,1,PP_FUNCALL,PREC_FN,0,internal,BUILTINSXP,True
519,Sys.getpid,do_sysgetpid,0,11,0,PP_FUNCALL,PREC_FN,0,internal,BUILTINSXP,True
520,normalizePath,do_normalizepath,0,11,3,PP_FUNCALL,PREC_FN,0,internal,BUILTINSXP,True
521,Sys.glob,do_glob,0,11,2,PP_FUNCALL,PREC_FN,0,internal,BUILTINSXP,True
522,unlink,do_unlink,0,111,4,PP_FUNCALL,PREC_FN,0,internal,BUILTINSXP,True
523,polyroot,do_polyroot,0,11,1,PP_FUNCALL,PREC_FN,0,internal,BUILTINSXP,True
524,inherits,do_inherits,0,11,3,PP_FUNCALL,PREC_FN,0,internal,BUILTINSXP,True
525,UseMethod,do_usemethod,0,200,-1,PP_FUNCALL,PREC_FN,0,primitive,SPECIALSXP,False
526,NextMethod,do_nextmethod,0,210,-1,PP_FUNCALL,PREC_FN,0,internal,SPECIALSXP,False
527,standardGeneric,do_standardGeneric,0,201,-1,PP_FUNCALL,PREC_FN,0,primitive,BUILTINSXP,True
528,Sys.time,do_systime,0,11,0,PP_FUNCALL,PREC_FN,0,internal,BUILTINSXP,True
529,as.POSIXct,do_asPOSIXct,0,11,2,PP_FUNCALL,PREC_FN,0,internal,BUILTINSXP,True
530,as.POSIXlt,do_asPOSIXlt,0,11,2,PP_FUNCALL,PREC_FN,0,internal,BUILTINSXP,True
531,format.POSIXlt,do_formatPOSIXlt,0,11,4,PP_FUNCALL,PREC_FN,0,internal,BUILTINSXP,True
532,strptime,do_strptime,0,11,3,PP_FUNCALL,PREC_FN,0,internal,BUILTINSXP,True
533,Date2POSIXlt,do_D2POSIXlt,0,11,2,PP_FUNCALL,PREC_FN,0,internal,BUILTINSXP,True
534,POSIXlt2Date,do_POSIXlt2D,0,11,1,PP_FUNCALL,PREC_FN,0,internal,BUILTINSXP,True
535,balancePOSIXlt,do_balancePOSIXlt,0,11,3,PP_FUNCALL,PREC_FN,0,internal,BUILTINSXP,True
536,unCfillPOSIXlt,do_balancePOSIXlt,1,1,1,PP_FUNCALL,PREC_FN,0,primitive,BUILTINSXP,True
537,compareNumericVersion,do_compareNumericVersion,0,11,2,PP_FUNCALL,PREC_FN,0,internal,BUILTINSXP,True
538,mkCode,do_mkcode,0,11,2,PP_FUNCALL,PREC_FN,0,internal,BUILTINSXP,True
539,bcClose,do_bcclose,0,11,3,PP_FUNCALL,PREC_FN,0,internal,BUILTINSXP,True
540,is.builtin.internal,do_is_builtin_internal,0,11,1,PP_FUNCALL,PREC_FN,0,internal,BUILTINSXP,True
541,disassemble,do_disassemble,0,11,1,PP_FUNCALL,PREC_FN,0,internal,BUILTINSXP,True
542,bcVersion,do_bcversion,0,11,0,PP_FUNCALL,PREC_FN,0,internal,BUILTINSXP,True
543,load.from.file,do_loadfile,0,11,1,PP_FUNCALL,PREC_FN,0,internal,BUILTINSXP,True
544,save.to.file,do_savefile,0,11,4,PP_FUNCALL,PREC_FN,0,internal,BUILTINSXP,True
545,growconst,do_growconst,0,11,1,PP_FUNCALL,PREC_FN,0,internal,BUILTINSXP,True
546,putconst,do_putconst,0,11,3,PP_FUNCALL,PREC_FN,0,internal,BUILTINSXP,True
547,getconst,do_getconst,0,11,2,PP_FUNCALL,PREC_FN,0,internal,BUILTINSXP,True
548,enableJIT,do_enablejit,0,11,1,PP_FUNCALL,PREC_FN,0,internal,BUILTINSXP,True
549,compilePKGS,do_compilepkgs,0,11,1,PP_FUNCALL,PREC_FN,0,internal,BUILTINSXP,True
550,setNumMathThreads,do_setnumthreads,0,11,1,PP_FUNCALL,PREC_FN,0,internal,BUILTINSXP,True
551,setMaxNumMathThreads,do_setmaxnumthreads,0,11,1,PP_FUNCALL,PREC_FN,0,internal,BUILTINSXP,True
552,stdin,do_stdin,0,11,0,PP_FUNCALL,PREC_FN,0,internal,BUILTINSXP,True
553,stdout,do_stdout,0,11,0,PP_FUNCALL,PREC_FN,0,internal,BUILTINSXP,True
554,stderr,do_stderr,0,11,0,PP_FUNCALL,PREC_FN,0,internal,BUILTINSXP,True
555,isatty,do_isatty,0,11,1,PP_FUNCALL,PREC_FN,0,internal,BUILTINSXP,True
556,readLines,do_readLines,0,11,6,PP_FUNCALL,PREC_FN,0,internal,BUILTINSXP,True
557,writeLines,do_writelines,0,111,4,PP_FUNCALL,PREC_FN,0,internal,BUILTINSXP,True
558,readBin,do_readbin,0,11,6,PP_FUNCALL,PREC_FN,0,internal,BUILTINSXP,True
559,writeBin,do_writebin,0,211,5,PP_FUNCALL,PREC_FN,0,internal,BUILTINSXP,True
560,readChar,do_readchar,0,11,3,PP_FUNCALL,PREC_FN,0,internal,BUILTINSXP,True
561,writeChar,do_writechar,0,211,5,PP_FUNCALL,PREC_FN,0,internal,BUILTINSXP,True
562,open,do_open,0,111,3,PP_FUNCALL,PREC_FN,0,internal,BUILTINSXP,True
563,isOpen,do_isopen,0,11,2,PP_FUNCALL,PREC_FN,0,internal,BUILTINSXP,True
564,isIncomplete,do_isincomplete,0,11,1,PP_FUNCALL,PREC_FN,0,internal,BUILTINSXP,True
565,isSeekable,do_isseekable,0,11,1,PP_FUNCALL,PREC_FN,0,internal,BUILTINSXP,True
566,close,do_close,0,111,2,PP_FUNCALL,PREC_FN,0,internal,BUILTINSXP,True
567,flush,do_flush,0,111,1,PP_FUNCALL,PREC_FN,0,internal,BUILTINSXP,True
568,file,do_url,1,11,6,PP_FUNCALL,PREC_FN,0,internal,BUILTINSXP,True
569,url,do_url,0,11,6,PP_FUNCALL,PREC_FN,0,internal,BUILTINSXP,True
570,pipe,do_pipe,0,11,3,PP_FUNCALL,PREC_FN,0,internal,BUILTINSXP,True
571,fifo,do_fifo,0,11,4,PP_FUNCALL,PREC_FN,0,internal,BUILTINSXP,True
572,gzfile,do_gzfile,0,11,4,PP_FUNCALL,PREC_FN,0,internal,BUILTINSXP,True
573,bzfile,do_gzfile,1,11,4,PP_FUNCALL,PREC_FN,0,internal,BUILTINSXP,True
574,xzfile,do_gzfile,2,11,4,PP_FUNCALL,PREC_FN,0,internal,BUILTINSXP,True
575,zstdfile,do_gzfile,3,11,4,PP_FUNCALL,PREC_FN,0,internal,BUILTINSXP,True
576,unz,do_unz,0,11,3,PP_FUNCALL,PREC_FN,0,internal,BUILTINSXP,True
577,seek,do_seek,0,11,4,PP_FUNCALL,PREC_FN,0,internal,BUILTINSXP,True
578,truncate,do_truncate,0,11,1,PP_FUNCALL,PREC_FN,0,internal,BUILTINSXP,True
579,pushBack,do_pushback,0,111,4,PP_FUNCALL,PREC_FN,0,internal,BUILTINSXP,True
580,clearPushBack,do_clearpushback,0,111,1,PP_FUNCALL,PREC_FN,0,internal,BUILTINSXP,True
581,pushBackLength,do_pushbacklength,0,11,1,PP_FUNCALL,PREC_FN,0,internal,BUILTINSXP,True
582,rawConnection,do_rawconnection,0,11,3,PP_FUNCALL,PREC_FN,0,internal,BUILTINSXP,True
583,rawConnectionValue,do_rawconvalue,0,11,1,PP_FUNCALL,PREC_FN,0,internal,BUILTINSXP,True
584,textConnection,do_textconnection,0,11,5,PP_FUNCALL,PREC_FN,0,internal,BUILTINSXP,True
585,textConnectionValue,do_textconvalue,0,11,1,PP_FUNCALL,PREC_FN,0,internal,BUILTINSXP,True
586,socketConnection,do_sockconn,0,11,8,PP_FUNCALL,PREC_FN,0,internal,BUILTINSXP,True
587,socketAccept,do_sockconn,1,11,6,PP_FUNCALL,PREC_FN,0,internal,BUILTINSXP,True
588,sockSelect,do_sockselect,0,11,3,PP_FUNCALL,PREC_FN,0,internal,BUILTINSXP,True
589,serverSocket,do_serversocket,0,11,1,PP_FUNCALL,PREC_FN,0,internal,BUILTINSXP,True
590,socketTimeout,do_socktimeout,0,11,2,PP_FUNCALL,PREC_FN,0,internal,BUILTINSXP,True
591,getConnection,do_getconnection,0,11,1,PP_FUNCALL,PREC_FN,0,internal,BUILTINSXP,True
592,getAllConnections,do_getallconnections,0,11,0,PP_FUNCALL,PREC_FN,0,internal,BUILTINSXP,True
593,summary.connection,do_sumconnection,0,11,1,PP_FUNCALL,PREC_FN,0,internal,BUILTINSXP,True
594,gzcon,do_gzcon,0,11,4,PP_FUNCALL,PREC_FN,0,internal,BUILTINSXP,True
595,memCompress,do_memCompress,0,11,2,PP_FUNCALL,PREC_FN,0,internal,BUILTINSXP,True
596,memDecompress,do_memDecompress,0,11,2,PP_FUNCALL,PREC_FN,0,internal,BUILTINSXP,True
597,readDCF,do_readDCF,0,11,3,PP_FUNCALL,PREC_FN,0,internal,BUILTINSXP,True
598,lockEnvironment,do_lockEnv,0,111,2,PP_FUNCALL,PREC_FN,0,internal,BUILTINSXP,True
599,environmentIsLocked,do_envIsLocked,0,11,1,PP_FUNCALL,PREC_FN,0,internal,BUILTINSXP,True
600,lockBinding,do_lockBnd,0,111,2,PP_FUNCALL,PREC_FN,0,internal,BUILTINSXP,True
601,unlockBinding,do_lockBnd,1,111,2,PP_FUNCALL,PREC_FN,0,internal,BUILTINSXP,True
602,bindingIsLocked,do_bndIsLocked,0,11,2,PP_FUNCALL,PREC_FN,0,internal,BUILTINSXP,True
603,makeActiveBinding,do_mkActiveBnd,0,111,3,PP_FUNCALL,PREC_FN,0,internal,BUILTINSXP,True
604,bindingIsActive,do_bndIsActive,0,11,2,PP_FUNCALL,PREC_FN,0,internal,BUILTINSXP,True
605,activeBindingFunction,do_activeBndFun,0,11,2,PP_FUNCALL,PREC_FN,0,internal,BUILTINSXP,True
606,getBindingType,do_bindingType,0,11,2,PP_FUNCALL,PREC_FN,0,internal,BUILTINSXP,True
607,delayedBindingExpression,do_delayedBindingExpr,0,11,2,PP_FUNCALL,PREC_FN,0,internal,BUILTINSXP,True
608,delayedBindingEnvironment,do_delayedBindingEnv,0,11,2,PP_FUNCALL,PREC_FN,0,internal,BUILTINSXP,True
609,forcedBindingExpression,do_forcedBindingExpr,0,11,2,PP_FUNCALL,PREC_FN,0,internal,BUILTINSXP,True
610,dotsExist,do_dotsExist,0,11,2,PP_FUNCALL,PREC_FN,0,internal,BUILTINSXP,True
611,getDotType,do_dotType,0,11,3,PP_FUNCALL,PREC_FN,0,internal,BUILTINSXP,True
612,dotDelayedExpression,do_dotDelayedExpr,0,11,3,PP_FUNCALL,PREC_FN,0,internal,BUILTINSXP,True
613,dotDelayedEnvironment,do_dotDelayedEnv,0,11,3,PP_FUNCALL,PREC_FN,0,internal,BUILTINSXP,True
614,dotForcedExpression,do_dotForcedExpr,0,11,3,PP_FUNCALL,PREC_FN,0,internal,BUILTINSXP,True
615,dotsLength,do_CDotsLength,0,11,2,PP_FUNCALL,PREC_FN,0,internal,BUILTINSXP,True
616,dotsNames,do_CDotsNames,0,11,2,PP_FUNCALL,PREC_FN,0,internal,BUILTINSXP,True
617,dotsElt,do_CDotsElt,0,11,3,PP_FUNCALL,PREC_FN,0,internal,BUILTINSXP,True
618,mkUnbound,do_mkUnbound,0,111,1,PP_FUNCALL,PREC_FN,0,internal,BUILTINSXP,True
619,isNamespaceEnv,do_isNSEnv,0,11,1,PP_FUNCALL,PREC_FN,0,internal,BUILTINSXP,True
620,registerNamespace,do_regNS,0,11,2,PP_FUNCALL,PREC_FN,0,internal,BUILTINSXP,True
621,unregisterNamespace,do_unregNS,0,11,1,PP_FUNCALL,PREC_FN,0,internal,BUILTINSXP,True
622,getRegisteredNamespace,do_getRegNS,0,11,1,PP_FUNCALL,PREC_FN,0,internal,BUILTINSXP,True
623,isRegisteredNamespace,do_getRegNS,1,11,1,PP_FUNCALL,PREC_FN,0,internal,BUILTINSXP,True
624,getNamespaceRegistry,do_getNSRegistry,0,11,0,PP_FUNCALL,PREC_FN,0,internal,BUILTINSXP,True
625,importIntoEnv,do_importIntoEnv,0,11,4,PP_FUNCALL,PREC_FN,0,internal,BUILTINSXP,True
626,env.profile,do_envprofile,0,211,1,PP_FUNCALL,PREC_FN,0,internal,BUILTINSXP,True
627,Encoding,do_encoding,0,11,1,PP_FUNCALL,PREC_FN,0,internal,BUILTINSXP,True
628,setEncoding,do_setencoding,0,11,2,PP_FUNCALL,PREC_FN,0,internal,BUILTINSXP,True
629,setTimeLimit,do_setTimeLimit,0,111,3,PP_FUNCALL,PREC_FN,0,internal,BUILTINSXP,True
630,setSessionTimeLimit,do_setSessionTimeLimit,0,111,2,PP_FUNCALL,PREC_FN,0,internal,BUILTINSXP,True
631,icuSetCollate,do_ICUset,0,111,-1,PP_FUNCALL,PREC_FN,0,internal,BUILTINSXP,True
632,icuGetCollate,do_ICUget,0,11,1,PP_FUNCALL,PREC_FN,0,internal,BUILTINSXP,True
633,readRenviron,do_readEnviron,0,111,1,PP_FUNCALL,PREC_FN,0,internal,BUILTINSXP,True
634,shortRowNames,do_shortRowNames,0,11,2,PP_FUNCALL,PREC_FN,0,internal,BUILTINSXP,True
635,copyDFattr,do_copyDFattr,0,11,2,PP_FUNCALL,PREC_FN,0,internal,BUILTINSXP,True
636,getRegisteredRoutines,do_getRegisteredRoutines,0,11,1,PP_FUNCALL,PREC_FN,0,internal,BUILTINSXP,True
637,getLoadedDLLs,do_getDllTable,0,11,0,PP_FUNCALL,PREC_FN,0,internal,BUILTINSXP,True
638,getSymbolInfo,do_getSymbolInfo,0,11,3,PP_FUNCALL,PREC_FN,0,internal,BUILTINSXP,True
639,.isMethodsDispatchOn,do_S4on,0,1,-1,PP_FUNCALL,PREC_FN,0,primitive,BUILTINSXP,True
640,lazyLoadDBfetch,do_lazyLoadDBfetch,0,1,4,PP_FUNCALL,PREC_FN,0,primitive,BUILTINSXP,True
641,lazyLoadDBflush,do_lazyLoadDBflush,0,11,1,PP_FUNCALL,PREC_FN,0,internal,BUILTINSXP,True
642,getVarsFromFrame,do_getVarsFromFrame,0,11,3,PP_FUNCALL,PREC_FN,0,internal,BUILTINSXP,True
643,lazyLoadDBinsertValue,do_lazyLoadDBinsertValue,0,11,5,PP_FUNCALL,PREC_FN,0,internal,BUILTINSXP,True
644,bincode,do_bincode,0,11,4,PP_FUNCALL,PREC_FN,0,internal,BUILTINSXP,True
645,tabulate,do_tabulate,0,11,2,PP_FUNCALL,PREC_FN,0,internal,BUILTINSXP,True
646,findInterval,do_findinterval,0,11,6,PP_FUNCALL,PREC_FN,0,internal,BUILTINSXP,True
647,pretty,do_pretty,0,11,8,PP_FUNCALL,PREC_FN,0,internal,BUILTINSXP,True
648,formatC,do_formatC,0,11,7,PP_FUNCALL,PREC_FN,0,internal,BUILTINSXP,True
649,crc64,do_crc64,0,11,1,PP_FUNCALL,PREC_FN,0,internal,BUILTINSXP,True
650,bitwiseAnd,do_bitwise,1,11,2,PP_FUNCALL,PREC_FN,0,internal,BUILTINSXP,True
651,bitwiseNot,do_bitwise,2,11,1,PP_FUNCALL,PREC_FN,0,internal,BUILTINSXP,True
652,bitwiseOr,do_bitwise,3,11,2,PP_FUNCALL,PREC_FN,0,internal,BUILTINSXP,True
653,bitwiseXor,do_bitwise,4,11,2,PP_FUNCALL,PREC_FN,0,internal,BUILTINSXP,True
654,bitwiseShiftL,do_bitwise,5,11,2,PP_FUNCALL,PREC_FN,0,internal,BUILTINSXP,True
655,bitwiseShiftR,do_bitwise,6,11,2,PP_FUNCALL,PREC_FN,0,internal,BUILTINSXP,True
656,serialize,do_serialize,0,11,5,PP_FUNCALL,PREC_FN,0,internal,BUILTINSXP,True
657,serializeb,do_serialize,1,11,5,PP_FUNCALL,PREC_FN,0,internal,BUILTINSXP,True
658,unserialize,do_serialize,2,11,2,PP_FUNCALL,PREC_FN,0,internal,BUILTINSXP,True
659,rowsum_matrix,do_rowsum,0,11,5,PP_FUNCALL,PREC_FN,0,internal,BUILTINSXP,True
660,rowsum_df,do_rowsum,1,11,5,PP_FUNCALL,PREC_FN,0,internal,BUILTINSXP,True
661,objsxp,do_objsxp,0,11,0,PP_FUNCALL,PREC_FN,0,internal,BUILTINSXP,True
662,setS4Object,do_setS4Object,0,11,3,PP_FUNCALL,PREC_FN,0,internal,BUILTINSXP,True
663,traceOnOff,do_traceOnOff,0,11,1,PP_FUNCALL,PREC_FN,0,internal,BUILTINSXP,True
664,debugOnOff,do_traceOnOff,1,11,1,PP_FUNCALL,PREC_FN,0,internal,BUILTINSXP,True
665,La_qr_cmplx,do_lapack,0,11,1,PP_FUNCALL,PREC_FN,0,internal,BUILTINSXP,True
666,La_rs,do_lapack,1,11,2,PP_FUNCALL,PREC_FN,0,internal,BUILTINSXP,True
667,La_rs_cmplx,do_lapack,2,11,2,PP_FUNCALL,PREC_FN,0,internal,BUILTINSXP,True
668,La_rg,do_lapack,3,11,2,PP_FUNCALL,PREC_FN,0,internal,BUILTINSXP,True
669,La_rg_cmplx,do_lapack,41,11,2,PP_FUNCALL,PREC_FN,0,internal,BUILTINSXP,True
670,La_rs,do_lapack,5,11,2,PP_FUNCALL,PREC_FN,0,internal,BUILTINSXP,True
671,La_rs_cmplx,do_lapack,51,11,2,PP_FUNCALL,PREC_FN,0,internal,BUILTINSXP,True
672,La_dlange,do_lapack,6,11,2,PP_FUNCALL,PREC_FN,0,internal,BUILTINSXP,True
673,La_dgecon,do_lapack,7,11,2,PP_FUNCALL,PREC_FN,0,internal,BUILTINSXP,True
674,La_dtrcon,do_lapack,8,11,2,PP_FUNCALL,PREC_FN,0,internal,BUILTINSXP,True
675,La_dtrcon3,do_lapack,81,11,3,PP_FUNCALL,PREC_FN,0,internal,BUILTINSXP,True
676,La_zlange,do_lapack,61,11,2,PP_FUNCALL,PREC_FN,0,internal,BUILTINSXP,True
677,La_zgecon,do_lapack,9,11,2,PP_FUNCALL,PREC_FN,0,internal,BUILTINSXP,True
678,La_ztrcon,do_lapack,10,11,2,PP_FUNCALL,PREC_FN,0,internal,BUILTINSXP,True
679,La_ztrcon3,do_lapack,13,11,3,PP_FUNCALL,PREC_FN,0,internal,BUILTINSXP,True
680,La_solve_cmplx,do_lapack,11,11,3,PP_FUNCALL,PREC_FN,0,internal,BUILTINSXP,True
681,La_solve,do_lapack,100,11,3,PP_FUNCALL,PREC_FN,0,internal,BUILTINSXP,True
682,La_qr,do_lapack,101,11,1,PP_FUNCALL,PREC_FN,0,internal,BUILTINSXP,True
683,La_chol,do_lapack,200,11,3,PP_FUNCALL,PREC_FN,0,internal,BUILTINSXP,True
684,La_chol2inv,do_lapack,201,11,2,PP_FUNCALL,PREC_FN,0,internal,BUILTINSXP,True
685,qr_coef_real,do_lapack,300,11,2,PP_FUNCALL,PREC_FN,0,internal,BUILTINSXP,True
686,qr_qy_real,do_lapack,301,11,3,PP_FUNCALL,PREC_FN,0,internal,BUILTINSXP,True
687,det_ge_real,do_lapack,302,11,2,PP_FUNCALL,PREC_FN,0,internal,BUILTINSXP,True
688,qr_coef_cmplx,do_lapack,303,11,2,PP_FUNCALL,PREC_FN,0,internal,BUILTINSXP,True
689,qr_qy_cmplx,do_lapack,304,11,3,PP_FUNCALL,PREC_FN,0,internal,BUILTINSXP,True
690,La_svd,do_lapack,400,11,5,PP_FUNCALL,PREC_FN,0,internal,BUILTINSXP,True
691,La_svd_cmplx,do_lapack,401,11,5,PP_FUNCALL,PREC_FN,0,internal,BUILTINSXP,True
692,La_version,do_lapack,1000,11,0,PP_FUNCALL,PREC_FN,0,internal,BUILTINSXP,True
693,La_library,do_lapack,1001,11,0,PP_FUNCALL,PREC_FN,0,internal,BUILTINSXP,True
694,bcprofcounts,do_bcprofcounts,0,11,0,PP_FUNCALL,PREC_FN,0,internal,BUILTINSXP,True
695,bcprofstart,do_bcprofstart,0,11,0,PP_FUNCALL,PREC_FN,0,internal,BUILTINSXP,True
696,bcprofstop,do_bcprofstop,0,11,0,PP_FUNCALL,PREC_FN,0,internal,BUILTINSXP,True
697,eSoftVersion,do_eSoftVersion,0,11,0,PP_FUNCALL,PREC_FN,0,internal,BUILTINSXP,True
698,curlVersion,do_curlVersion,0,11,0,PP_FUNCALL,PREC_FN,0,internal,BUILTINSXP,True
699,curlGetHeaders,do_curlGetHeaders,0,11,5,PP_FUNCALL,PREC_FN,0,internal,BUILTINSXP,True
700,curlDownload,do_curlDownload,0,11,6,PP_FUNCALL,PREC_FN,0,internal,BUILTINSXP,True
701,compilerVersion,do_compilerVersion,0,11,0,PP_FUNCALL,PREC_FN,0,internal,BUILTINSXP,True
