package,source,functions,status,error,reason
bslib,sources/bslib/tools/build_ggsql_grammar.R,extract_words;extract_function_words;format_word_regex;format_function_regex;extract_import_path;main;extract_token_group,parse-failed,"223:8: expected "")"", got ""\""(// ggsql clause keywords\nggsql[\""""","non-library test, vignette, tool, or legacy source excluded"
codetools,sources/codetools/tests/tests.R,assert;st;write;f;f;f;col_edit,parse-failed,"94:16: expected ""in"", got ""(""","non-library test, vignette, tool, or legacy source excluded"
constrainedKriging,sources/constrainedKriging/R/ck.colors.R,ck.colors,parse-failed,"1:236: expected expression, got """"",unsupported R syntax excluded from executable corpus
deldir,sources/deldir/inst/code.discarded/collincheck.r,,parse-failed,"1:12: expected newline or ';', got ""collincheck""","non-library test, vignette, tool, or legacy source excluded"
deldir,sources/deldir/inst/code.discarded/fexitf.r,,parse-failed,"1:12: expected newline or ';', got ""fexit""","non-library test, vignette, tool, or legacy source excluded"
deldir,sources/deldir/inst/code.discarded/inddup.r,,parse-failed,"1:12: expected newline or ';', got ""inddup""","non-library test, vignette, tool, or legacy source excluded"
deldir,sources/deldir/inst/code.discarded/trigraf.r,,parse-failed,"10:12: expected newline or ';', got ""trigraf""","non-library test, vignette, tool, or legacy source excluded"
desc,sources/desc/tests/testthat/test-to_latex.R,,parse-failed,5:37: invalid string: invalid Unicode escape,"non-library test, vignette, tool, or legacy source excluded"
e1071,sources/e1071/inst/doc/svmdoc.R,,parse-failed,81:44: invalid string: invalid syntax,"non-library test, vignette, tool, or legacy source excluded"
glue,sources/glue/tests/testthat/test-glue.R,fun;fun;f;f,parse-failed,84:10: expected separator in block,"non-library test, vignette, tool, or legacy source excluded"
gstat,sources/gstat/R/panel.pointPairs.R,,parse-failed,"4:68: expected expression, got ""\n""",unsupported R syntax excluded from executable corpus
gstat,sources/gstat/R/predict.gstat.R,predict.gstat;create.gstat.names;getMaxDist,parse-failed,"5:71: expected expression, got ""\n""",unsupported R syntax excluded from executable corpus
gtfsio,sources/gtfsio/R/data.R,.doc_field_types,parse-failed,47:52: invalid string: invalid syntax,unsupported R syntax excluded from executable corpus
httr2,sources/httr2/tests/testthat/test-curl.R,,parse-failed,"170:8: expected "")"", got ""\""--{curl http://example.com --data-raw '{\""""","non-library test, vignette, tool, or legacy source excluded"
jsonlite,sources/jsonlite/tests/testthat/test-serializeJSON-types.R,,parse-failed,"23:9: expected ""("", got "",""","non-library test, vignette, tool, or legacy source excluded"
lattice,sources/lattice/R/bwplot.R,stackedRange;prepanel.default.bwplot;panel.barchart;groupSub;panel.dotplot;panel.stripplot;panel.bwplot;panel.violin;.density;dotplot;dotplot.numeric;dotplot.table;dotplot.default;dotplot.array;dotplot.matrix;dotplot.formula;barchart;barchart.numeric;barchart.table;barchart.default;barchart.array;barchart.matrix;barchart.formula;stripplot;stripplot.numeric;stripplot.formula;bwplot;bwplot.numeric;bwplot.formula,parse-failed,"1203:30: expected expression, got ""\n""",unsupported R syntax excluded from executable corpus
lattice,sources/lattice/R/common.R,prepanel.null;cupdate;interaction2;latticeParseFormula;expr2char;parseSide;parseCond;lrep;concat;banking;weighted.banking;obj;objtan;extend.limits;trellis.skeleton;cond.orders;compute.layout;compute.packet,parse-failed,"478:20: expected expression, got ""\n""",unsupported R syntax excluded from executable corpus
lattice,sources/lattice/R/interaction.R,getTextPosition;panel.identify;panel.3didentify;panel.identify.cloud;argOrDefault;trellis.vpname;trellis.grobname;stripname;trellis.focus;trellis.switchFocus;trellis.unfocus;trellis.panelArgs;trellis.clickFocus;panel.identify.qqmath;getq;panel.link.splom;splom_linkPoint,parse-failed,"293:21: expected expression, got ""\n""",unsupported R syntax excluded from executable corpus
MASS,sources/MASS/inst/scripts/ch16.R,mix.obj;mix.gr;dmix2;mix1.obj;logitreg;fmin;gmin;AIDSfit;deviance;grad,parse-failed,"156:4: expected newline or ';', got ""14""","non-library test, vignette, tool, or legacy source excluded"
MASS,sources/MASS/R/area.R,,parse-failed,"19:3: expected "")"", got ""=""",unsupported R syntax excluded from executable corpus
MASS,sources/MASS/R/loglm.R,denumerate;renumerate;denumerate.formula;renumerate.formula;loglm;loglm1;loglm1.xtabs;loglm1.data.frame;loglm1.default;anova.loglm;margs;print.anova.loglm;rjustify;print.loglm;summary.loglm;print.summary.loglm;update.loglm;fitted.loglm;residuals.loglm;coef.loglm;nobs.loglm,parse-failed,"116:48: expected expression, got ""\n""",unsupported R syntax excluded from executable corpus
Matrix,sources/Matrix/inst/test-tools-Matrix.R,lower.tri;upper.tri;lsM;asD;asCsp;Qidentical.DN;Qidentical;.MJ.Qidentical;mQidentical;Q.C.identical;Q.eq;Q.eq2;Q.eq.symmpart;sampleL;rspMat;rSparseMatrix;rand.x;rUnitTri;mkLDL;eqDeterminant;allCholesky;CHM_to_pLs;is.perm;is.LDL;boolProd0;isCRT;boolProd;checkMatrix;Cat;CatF;DO.m;vec;chk.qr.D.S;checkQR.DS.both;non0.ij;triuChk;trilChk,parse-failed,"139:18: expected expression, got ""\n""","non-library test, vignette, tool, or legacy source excluded"
Matrix,sources/Matrix/R/coerce-graph.R,graph.has.weights;graph.non.1.weights;graph.wgtMatrix;graph2T;edge2i;T2graph,parse-failed,"50:40: expected expression, got ""\n""",unsupported R syntax excluded from executable corpus
nlme,sources/nlme/R/pdMat.R,pdFactor;pdMat;corMatrix.pdMat;pdConstruct.pdMat;pdFactor.pdMat;pdMatrix.pdMat;as.matrix.pdMat;coef.pdMat;Dim.pdMat;formula.pdMat;isInitialized.pdMat;logDet.pdMat;matrix<-.pdMat;Names.pdMat;Names<-.pdMat;plot.pdMat;print.pdMat;str.pdMat;print.summary.pdMat;solve.pdMat;summary.pdMat;pdConstruct.pdSymm;pdFactor.pdSymm;pdMatrix.pdSymm;coef.pdSymm;Dim.pdSymm;logDet.pdSymm;solve.pdSymm;summary.pdSymm;pdConstruct.pdLogChol;pdFactor.pdLogChol;solve.pdLogChol;summary.pdLogChol;pdConstruct.pdNatural;pdFactor.pdNatural;pdMatrix.pdNatural;coef.pdNatural;Dim.pdNatural;logDet.pdNatural;solve.pdNatural;summary.pdNatural;corMatrix.pdDiag;pdConstruct.pdDiag;pdFactor.pdDiag;pdMatrix.pdDiag;coef.pdDiag;Dim.pdDiag;logDet.pdDiag;solve.pdDiag;summary.pdDiag;corMatrix.pdIdent;pdConstruct.pdIdent;pdFactor.pdIdent;pdMatrix.pdIdent;coef.pdIdent;Dim.pdIdent;logDet.pdIdent;solve.pdIdent;summary.pdIdent;corMatrix.pdCompSymm;pdConstruct.pdCompSymm;pdFactor.pdCompSymm;pdMatrix.pdCompSymm;coef.pdCompSymm;Dim.pdCompSymm;logDet.pdCompSymm;summary.pdCompSymm;corMatrix.pdBlocked;pdConstruct.pdBlocked;pdMatrix.pdBlocked;coef.pdBlocked;formula.pdBlocked;isInitialized.pdBlocked;logDet.pdBlocked;Names.pdBlocked;pdFactor.pdBlocked;solve.pdBlocked;summary.pdBlocked,parse-failed,"782:32: expected expression, got ""\n""",unsupported R syntax excluded from executable corpus
prioritizr,sources/prioritizr/R/eval_target_coverage_summary.R,eval_target_coverage_summary,parse-failed,"236:57: expected expression, got ""\n""",unsupported R syntax excluded from executable corpus
promises,sources/promises/R/is_something.R,is_parenthesized;is_funexpr;is_colexpr;is_function;is_lambda,parse-failed,"41:58: expected ""("", got "")""",unsupported R syntax excluded from executable corpus
quantreg,sources/quantreg/src/ratfor/boot.r,,parse-failed,"2:12: expected newline or ';', got ""pwy""","non-library test, vignette, tool, or legacy source excluded"
quantreg,sources/quantreg/src/ratfor/brute.r,,parse-failed,"9:12: expected newline or ';', got ""brutpow""","non-library test, vignette, tool, or legacy source excluded"
quantreg,sources/quantreg/src/ratfor/combos.r,,parse-failed,"9:12: expected newline or ';', got ""combin""","non-library test, vignette, tool, or legacy source excluded"
quantreg,sources/quantreg/src/ratfor/crqfnb.r,,parse-failed,"2:12: expected newline or ';', got ""crqfnb""","non-library test, vignette, tool, or legacy source excluded"
quantreg,sources/quantreg/src/ratfor/grexp.r,,parse-failed,"2:12: expected newline or ';', got ""grexp""","non-library test, vignette, tool, or legacy source excluded"
quantreg,sources/quantreg/src/ratfor/kuantiles.r,,parse-failed,"4:12: expected newline or ';', got ""kuantiles""","non-library test, vignette, tool, or legacy source excluded"
quantreg,sources/quantreg/src/ratfor/penalty.r,,parse-failed,"16:12: expected newline or ';', got ""penalty""","non-library test, vignette, tool, or legacy source excluded"
quantreg,sources/quantreg/src/ratfor/pfnb.r,,parse-failed,"31:12: expected newline or ';', got ""pfnb""","non-library test, vignette, tool, or legacy source excluded"
quantreg,sources/quantreg/src/ratfor/powell.r,,parse-failed,"7:12: expected newline or ';', got ""powell""","non-library test, vignette, tool, or legacy source excluded"
quantreg,sources/quantreg/src/ratfor/pwxy.r,,parse-failed,"28:12: expected newline or ';', got ""pwxy""","non-library test, vignette, tool, or legacy source excluded"
quantreg,sources/quantreg/src/ratfor/qfnb.r,,parse-failed,"2:12: expected newline or ';', got ""qfnb""","non-library test, vignette, tool, or legacy source excluded"
quantreg,sources/quantreg/src/ratfor/qselect.r,,parse-failed,"2:12: expected newline or ';', got ""qselect""","non-library test, vignette, tool, or legacy source excluded"
quantreg,sources/quantreg/src/ratfor/rls.r,,parse-failed,"3:12: expected newline or ';', got ""rls""","non-library test, vignette, tool, or legacy source excluded"
quantreg,sources/quantreg/src/ratfor/rqbr.r,,parse-failed,"16:12: expected newline or ';', got ""rqbr""","non-library test, vignette, tool, or legacy source excluded"
quantreg,sources/quantreg/src/ratfor/rqfn.r,,parse-failed,"44:12: expected newline or ';', got ""rqfn""","non-library test, vignette, tool, or legacy source excluded"
quantreg,sources/quantreg/src/ratfor/rqfnb.r,,parse-failed,"1:12: expected newline or ';', got ""rqfnb""","non-library test, vignette, tool, or legacy source excluded"
quantreg,sources/quantreg/src/ratfor/rqfnc.r,,parse-failed,"1:12: expected newline or ';', got ""rqfnc""","non-library test, vignette, tool, or legacy source excluded"
quantreg,sources/quantreg/src/ratfor/rqs.r,,parse-failed,"2:12: expected newline or ';', got ""rqs""","non-library test, vignette, tool, or legacy source excluded"
quantreg,sources/quantreg/src/ratfor/sakj.r,,parse-failed,"1:12: expected newline or ';', got ""sakj""","non-library test, vignette, tool, or legacy source excluded"
rlang,sources/rlang/R/sym.R,sym;syms;data_sym;data_syms;is_symbol;as_string,parse-failed,"173:33: expected ""("", got "")""",unsupported R syntax excluded from executable corpus
rlang,sources/rlang/tests/testthat/test-c-api.R,r_string;warning;fn;fn;current_frame;sys_frame;wrapper;sys_call;wrapper;dict;peek_stack;peek_count;it_dirs;expect_symmetric_dirs;fn,parse-failed,"89:43: expected "")"", got ""?""","non-library test, vignette, tool, or legacy source excluded"
rlang,sources/rlang/tests/testthat/test-call.R,fn;fn;fn;dots;fn;m;f,parse-failed,"487:43: expected "")"", got ""?""","non-library test, vignette, tool, or legacy source excluded"
rlang,sources/rlang/tests/testthat/test-deparse.R,,parse-failed,"223:45: expected "")"", got ""?""","non-library test, vignette, tool, or legacy source excluded"
rlang,sources/rlang/tests/testthat/test-fn.R,f1;fn;fn;as.character.foobar;as.character;foo;foo;my_function,parse-failed,"170:31: expected ""("", got "")""","non-library test, vignette, tool, or legacy source excluded"
robustbase,sources/robustbase/inst/doc/graphics.functions.R,g.scale_y_log10_0.05;g.scale_y_log10_1;g.scale_y_log10_1_l;g.scale_shape;g.get_colors;rotate;g.get_colors_brewer;g.scale_colour;f.range.xy;f.range.xy.default;f.range.xy.data.frame;f.range.xy.matrix;f.range.xy.list;f.range.xy.histogram;f.trim;f.seq;curves;f.get.range;makeFootnote;print.ggplot;cs;lab;mylabel,parse-failed,"280:39: expected expression, got ""\n""","non-library test, vignette, tool, or legacy source excluded"
robustbase,sources/robustbase/tests/nlrob-tst.R,identical3;identical4;assert.EQ;noAction;psiTuk;psiHamp;p.biomass.fits,parse-failed,"413:37: expected expression, got ""\n""","non-library test, vignette, tool, or legacy source excluded"
spatstat.geom,sources/spatstat.geom/inst/ratfor/dppll.r,,parse-failed,"1:12: expected newline or ';', got ""dppll""","non-library test, vignette, tool, or legacy source excluded"
spatstat.geom,sources/spatstat.geom/inst/ratfor/inxypOld.r,,parse-failed,"1:12: expected newline or ';', got ""inxyp""","non-library test, vignette, tool, or legacy source excluded"
spatstat.linnet,sources/spatstat.linnet/inst/ratfor/dppll.r,,parse-failed,"1:12: expected newline or ';', got ""dppll""","non-library test, vignette, tool, or legacy source excluded"
spatstat.linnet,sources/spatstat.linnet/inst/ratfor/inxypOld.r,,parse-failed,"1:12: expected newline or ';', got ""inxyp""","non-library test, vignette, tool, or legacy source excluded"
stars,sources/stars/R/extract.R,st_extract;st_extract.stars;interpolate;match_time,parse-failed,"67:73: expected expression, got ""\n""",unsupported R syntax excluded from executable corpus
stringr,sources/stringr/tests/testthat/test-replace.R,double,parse-failed,141:11: invalid string: invalid syntax,"non-library test, vignette, tool, or legacy source excluded"
survival,sources/survival/R/print.coxph.R,print.coxph;coef.coxphms,parse-failed,89:6: invalid string: invalid syntax,unsupported R syntax excluded from executable corpus
terra,sources/terra/inst/tinytest/test_flowAccumulation.R,,generate-failed,format partially lowered Go: program contains R structures not yet supported by the native Go lowerer,"non-library test, vignette, tool, or legacy source excluded"
yyjsonr,sources/yyjsonr/tests/testthat/test-dataframe.R,,parse-failed,"22:6: expected "")"", got ""\""([{\""""","non-library test, vignette, tool, or legacy source excluded"
yyjsonr,sources/yyjsonr/tests/testthat/test-geojson-promotion-compat.R,,parse-failed,"3:8: expected newline or ';', got ""\""(\n{\n    \""""","non-library test, vignette, tool, or legacy source excluded"
yyjsonr,sources/yyjsonr/tests/testthat/test-json5.R,,parse-failed,"3:10: expected newline or ';', got ""\""(\n{ \n// Application Settings \napp: { \n   name: 'My Application', \n   version: '2.1.0', \n   env: 'development', \n}, \n// Server Configuration \nserver: { \n  host: 'localhost', \n  port: 3000, \n  https: false, \n}, \n// Database Connection \ndatabase: { \n  driver: 'postgres', \n  host: 'localhost', \n  port: 5432, \n  name: 'myapp_dev', \n  pool: { min: 2, max: 10, }, \n}, \n// Logging \nlogging: { \n  level: 'debug', \n  format: 'pretty', \n}, \n}\n)\""""","non-library test, vignette, tool, or legacy source excluded"
yyjsonr,sources/yyjsonr/tests/testthat/test-json_promotion.R,,parse-failed,"3:8: expected newline or ';', got ""\""(\n[\n  {\""""","non-library test, vignette, tool, or legacy source excluded"
yyjsonr,sources/yyjsonr/tests/testthat/test-ndjson.R,,parse-failed,123:13: expected separator in block,"non-library test, vignette, tool, or legacy source excluded"
