package,version,status,detail
abind,1.4-8,cached,
ape,5.8-1,fetched,
askpass,1.2.1,fetched,
assertthat,0.2.1,fetched,
base,4.6.1,unavailable,download base 4.6.1: 404 Not Found
base64enc,0.1-6,fetched,
BH,1.90.0-1,unavailable,extract BH: context deadline exceeded (Client.Timeout or context cancellation while reading body)
bit,4.6.0,fetched,
bit64,4.8.4,fetched,
boot,1.3-32,fetched,
bslib,0.12.0,fetched,
cachem,1.1.0,fetched,
callr,3.8.0,fetched,
class,7.3-23,fetched,
classInt,0.4-11,cached,
cli,3.6.6,fetched,
cluster,2.1.8.2,fetched,
codetools,0.2-20,fetched,
colorspace,2.1-3,fetched,
cols4all,0.10,fetched,
compiler,4.6.1,unavailable,download compiler 4.6.1: 404 Not Found
constrainedKriging,0.2-11,fetched,
coro,1.1.0,fetched,
cpp11,0.5.5,fetched,
crayon,1.5.3,fetched,
crosstalk,1.2.2,fetched,
curl,7.1.0,fetched,
data.table,1.18.4,fetched,
datasets,4.6.1,unavailable,download datasets 4.6.1: 404 Not Found
DBI,1.3.0,fetched,
deldir,2.0-4,fetched,
DEoptimR,1.2-1,fetched,
desc,1.4.3,fetched,
digest,0.6.39,fetched,
dotCall64,1.2,fetched,
dplyr,1.2.1,fetched,
e1071,1.7-17,fetched,
evaluate,1.0.5,fetched,
exactextractr,0.10.1,cached,
farver,2.1.2,fetched,
fastmap,1.2.0,fetched,
fields,17.3,fetched,
FNN,1.1.4.1,fetched,
fontawesome,0.5.3,fetched,
foreign,0.8-91,fetched,
fs,2.1.0,fetched,
generics,0.1.4,fetched,
geodist,0.1.1,cached,
geojsonsf,2.0.5,fetched,
geometries,0.2.5,fetched,
georob,0.3-23,fetched,
ggplot2,4.0.3,fetched,
glue,1.8.1,fetched,
goftest,1.2-3,fetched,
graphics,4.6.1,unavailable,download graphics 4.6.1: 404 Not Found
grDevices,4.6.1,unavailable,download grDevices 4.6.1: 404 Not Found
grid,4.6.1,unavailable,download grid 4.6.1: 404 Not Found
gstat,2.1-6,cached,
gtable,0.3.6,fetched,
gtfsio,1.2.1,cached,
highr,0.12,fetched,
hms,1.1.4,fetched,
htmltools,0.5.9,fetched,
htmlwidgets,1.6.4,fetched,
httpuv,1.6.17,fetched,
httr,1.4.8,fetched,
httr2,1.3.0,fetched,
igraph,2.3.3,fetched,
intervals,0.15.5,cached,
isoband,0.3.0,fetched,
jpeg,0.1-11,fetched,
jquerylib,0.1.4,fetched,
jsonify,1.2.3,fetched,
jsonlite,2.0.0,fetched,
KernSmooth,2.23-26,fetched,
knitr,1.51,fetched,
labeling,0.4.3,fetched,
landscapemetrics,2.2.1,cached,
later,1.4.8,fetched,
lattice,0.22-9,fetched,
lazyeval,0.2.3,fetched,
leafem,0.2.5,fetched,
leafgl,0.2.4,fetched,
leaflegend,1.2.8,fetched,
leaflet,2.2.3,fetched,
leaflet.providers,3.0.0,fetched,
leafsync,0.1.0,fetched,
lifecycle,1.0.5,fetched,
lmtest,0.9-40,fetched,
logger,0.4.2,fetched,
lubridate,1.9.5,fetched,
luz,0.5.2,fetched,
lwgeom,0.2-17,cached,
magrittr,2.0.5,fetched,
maps,3.4.3,fetched,
maptiles,0.12.0,fetched,
MASS,7.3-65,fetched,
Matrix,1.7-5,fetched,
MatrixModels,0.5-4,fetched,
memoise,2.0.1,fetched,
methods,4.6.1,unavailable,download methods 4.6.1: 404 Not Found
mgcv,1.9-4,fetched,
mime,0.13,fetched,
nleqslv,3.3.7,fetched,
nlme,3.1-169,fetched,
nnet,7.3-20,fetched,
openssl,2.4.2,fetched,
otel,0.2.0,fetched,
parallel,4.6.1,unavailable,download parallel 4.6.1: 404 Not Found
pillar,1.11.1,fetched,
pkgconfig,2.0.3,fetched,
png,0.1-9,fetched,
polyclip,1.10-7,fetched,
prettyunits,1.2.0,fetched,
prioritizr,8.1.0,fetched,
processx,3.9.0,fetched,
progress,1.2.3,fetched,
promises,1.5.0,fetched,
proxy,0.4-29,fetched,
ps,1.9.3,fetched,
purrr,1.2.2,fetched,
quantreg,6.1,fetched,
R6,2.6.1,fetched,
randomForest,4.7-1.2,fetched,
rapidjsonr,1.2.1,fetched,
rappdirs,0.3.4,fetched,
raster,3.6-32,cached,
RColorBrewer,1.1-3,fetched,
Rcpp,1.1.2,fetched,
RcppArmadillo,15.4.2-1,fetched,
rlang,1.3.0,fetched,
rmarkdown,2.31,fetched,
robustbase,0.99-7,fetched,
rpart,4.1.27,fetched,
rstac,1.0.1,cached,
s2,1.1.11,cached,
S7,0.2.2,fetched,
safetensors,0.3.0,fetched,
sass,0.4.10,fetched,
scales,1.4.0,fetched,
servr,0.33,fetched,
sf,1.1-2,cached,
sfheaders,0.4.5,fetched,
sftime,0.3.2,fetched,
sits,1.5.4,fetched,
slider,0.3.3,fetched,
snow,0.4-4,fetched,
snowfall,1.84-6.3,fetched,
sp,2.2-3,cached,
spacesXYZ,1.6-0,fetched,
spacetime,1.3-3,fetched,
spam,2.11-4,fetched,
SparseM,1.84-2,fetched,
spatial,7.3-18,fetched,
spatialCovariance,0.6-9,fetched,
spatstat,3.6-2,fetched,
spatstat.data,3.1-9,fetched,
spatstat.explore,3.8-2,fetched,
spatstat.geom,3.8-2,fetched,
spatstat.linnet,3.5-3,fetched,
spatstat.model,3.7-2,fetched,
spatstat.random,3.5-1,fetched,
spatstat.sparse,3.2-0,fetched,
spatstat.univar,3.2-0,fetched,
spatstat.utils,3.2-4,fetched,
spData,2.3.5,fetched,
spdep,1.4-2,cached,
splines,4.6.1,unavailable,download splines 4.6.1: 404 Not Found
stars,0.7-3,cached,
stats,4.6.1,unavailable,download stats 4.6.1: 404 Not Found
stats4,4.6.1,unavailable,download stats4 4.6.1: 404 Not Found
stringdist,0.9.17,fetched,
stringi,1.8.9,fetched,
stringr,1.6.0,fetched,
survival,3.8-6,fetched,
sys,3.4.3,fetched,
tcltk,4.6.1,unavailable,download tcltk 4.6.1: 404 Not Found
tensor,1.5.1,fetched,
terra,1.9-46,cached,
tibble,3.3.1,fetched,
tidyr,1.3.2,fetched,
tidyselect,1.2.1,fetched,
tidytransit,1.8.0,fetched,
timechange,0.4.0,fetched,
tinytex,0.60,fetched,
tmap,4.4-1,fetched,
tmaptools,3.3,fetched,
tools,4.6.1,unavailable,download tools 4.6.1: 404 Not Found
torch,0.17.0,fetched,
translations,4.6.1,unavailable,download translations 4.6.1: 404 Not Found
units,1.0-1,fetched,
utf8,1.2.6,fetched,
utils,4.6.1,unavailable,download utils 4.6.1: 404 Not Found
vctrs,0.7.3,fetched,
viridisLite,0.4.3,fetched,
warp,0.2.3,fetched,
withr,3.0.3,fetched,
wk,0.9.5,cached,
xfun,0.60,fetched,
XML,3.99-0.24,fetched,
xts,0.14.2,fetched,
yaml,2.3.12,fetched,
yyjsonr,0.1.22,fetched,
zeallot,0.2.0,fetched,
zip,3.0.2,fetched,
zoo,1.9-0,fetched,
