batch,c_entry,primitive,offset,source_file
"batch_001.c","do_External",".External","0","src/main/dotcode.c"
"batch_001.c","do_External",".External2","1","src/main/dotcode.c"
"batch_002.c","do_Externalgr",".External.graphics","0","src/main/dotcode.c"
"batch_003.c","do_activeBndFun","activeBindingFunction","0","src/main/envir.c"
"batch_004.c","do_addCondHands",".addCondHands","0","src/main/errors.c"
"batch_005.c","do_addGlobHands",".addGlobHands","0","src/main/errors.c"
"batch_006.c","do_addRestart",".addRestart","0","src/main/errors.c"
"batch_007.c","do_addTryHandlers",".addTryHandlers","0","src/main/errors.c"
"batch_008.c","do_as_environment","as.environment","0","src/main/envir.c"
"batch_009.c","do_asfunction","as.function.default","0","src/main/coerce.c"
"batch_010.c","do_attach","attach","0","src/main/envir.c"
"batch_011.c","do_bcclose","bcClose","0","src/main/eval.c"
"batch_012.c","do_bcprofcounts","bcprofcounts","0","src/main/eval.c"
"batch_013.c","do_bcprofstart","bcprofstart","0","src/main/eval.c"
"batch_014.c","do_bcprofstop","bcprofstop","0","src/main/eval.c"
"batch_015.c","do_bindingType","getBindingType","0","src/main/envir.c"
"batch_016.c","do_bndIsActive","bindingIsActive","0","src/main/envir.c"
"batch_017.c","do_bndIsLocked","bindingIsLocked","0","src/main/envir.c"
"batch_018.c","do_bodyCode","bodyCode","0","src/main/builtin.c"
"batch_019.c","do_builtins","builtins","0","src/main/envir.c"
"batch_020.c","do_curlDownload","curlDownload","0","src/main/internet.c"
"batch_021.c","do_curlGetHeaders","curlGetHeaders","0","src/main/internet.c"
"batch_022.c","do_curlVersion","curlVersion","0","src/main/internet.c"
"batch_023.c","do_debug","debug","0","src/main/debug.c"
"batch_023.c","do_debug","debugonce","3","src/main/debug.c"
"batch_023.c","do_debug","isdebugged","2","src/main/debug.c"
"batch_023.c","do_debug","undebug","1","src/main/debug.c"
"batch_024.c","do_declare","declare","0","src/main/eval.c"
"batch_025.c","do_delayed","delayedAssign","0","src/main/builtin.c"
"batch_026.c","do_delayedBindingEnv","delayedBindingEnvironment","0","src/main/envir.c"
"batch_027.c","do_delayedBindingExpr","delayedBindingExpression","0","src/main/envir.c"
"batch_028.c","do_detach","detach","0","src/main/envir.c"
"batch_029.c","do_disassemble","disassemble","0","src/main/eval.c"
"batch_030.c","do_docall","do.call","0","src/main/coerce.c"
"batch_031.c","do_dotCode",".C","0","src/main/dotcode.c"
"batch_031.c","do_dotCode",".Fortran","1","src/main/dotcode.c"
"batch_032.c","do_dotDelayedEnv","dotDelayedEnvironment","0","src/main/envir.c"
"batch_033.c","do_dotDelayedExpr","dotDelayedExpression","0","src/main/envir.c"
"batch_034.c","do_dotForcedExpr","dotForcedExpression","0","src/main/envir.c"
"batch_035.c","do_dotType","getDotType","0","src/main/envir.c"
"batch_036.c","do_dotcall",".Call","0","src/main/dotcode.c"
"batch_037.c","do_dotcallgr",".Call.graphics","0","src/main/dotcode.c"
"batch_038.c","do_dump","dump","0","src/main/deparse.c"
"batch_039.c","do_dynload","dyn.load","0","src/main/Rdynload.c"
"batch_040.c","do_dynunload","dyn.unload","0","src/main/Rdynload.c"
"batch_041.c","do_eapply","eapply","0","src/main/envir.c"
"batch_042.c","do_env2list","env2list","0","src/main/envir.c"
"batch_043.c","do_envIsLocked","environmentIsLocked","0","src/main/envir.c"
"batch_044.c","do_envirName","environmentName","0","src/main/builtin.c"
"batch_045.c","do_envirgets","environment<-","0","src/main/builtin.c"
"batch_046.c","do_envprofile","env.profile","0","src/main/envir.c"
"batch_047.c","do_fifo","fifo","0","src/main/connections.c"
"batch_048.c","do_forcedBindingExpr","forcedBindingExpression","0","src/main/envir.c"
"batch_049.c","do_getDllTable","getLoadedDLLs","0","src/main/Rdynload.c"
"batch_050.c","do_getNSRegistry","getNamespaceRegistry","0","src/main/envir.c"
"batch_051.c","do_getNSValue","getNamespaceValue","0","src/main/envir.c"
"batch_052.c","do_getRegNS","getRegisteredNamespace","0","src/main/envir.c"
"batch_052.c","do_getRegNS","isRegisteredNamespace","1","src/main/envir.c"
"batch_053.c","do_getRegisteredRoutines","getRegisteredRoutines","0","src/main/Rdynload.c"
"batch_054.c","do_getSymbolInfo","getSymbolInfo","0","src/main/Rdynload.c"
"batch_055.c","do_getVarsFromFrame","getVarsFromFrame","0","src/main/serialize.c"
"batch_056.c","do_getconst","getconst","0","src/main/eval.c"
"batch_057.c","do_growconst","growconst","0","src/main/eval.c"
"batch_058.c","do_gzcon","gzcon","0","src/main/connections.c"
"batch_059.c","do_gzfile","bzfile","1","src/main/connections.c"
"batch_059.c","do_gzfile","gzfile","0","src/main/connections.c"
"batch_059.c","do_gzfile","xzfile","2","src/main/connections.c"
"batch_059.c","do_gzfile","zstdfile","3","src/main/connections.c"
"batch_060.c","do_importIntoEnv","importIntoEnv","0","src/main/envir.c"
"batch_061.c","do_inspect","inspect","0","src/main/inspect.c"
"batch_062.c","do_invokeRestart",".invokeRestart","0","src/main/errors.c"
"batch_063.c","do_isNSEnv","isNamespaceEnv","0","src/main/envir.c"
"batch_064.c","do_is_builtin_internal","is.builtin.internal","0","src/main/eval.c"
"batch_065.c","do_isloaded","is.loaded","0","src/main/dotcode.c"
"batch_066.c","do_lapack","La_qr_cmplx","0","src/main/lapack.c"
"batch_066.c","do_lapack","La_rg","3","src/main/lapack.c"
"batch_066.c","do_lapack","La_rg_cmplx","41","src/main/lapack.c"
"batch_066.c","do_lapack","La_rs","1","src/main/lapack.c"
"batch_066.c","do_lapack","La_rs_cmplx","2","src/main/lapack.c"
"batch_066.c","do_lapack","La_solve_cmplx","11","src/main/lapack.c"
"batch_066.c","do_lapack","La_svd","400","src/main/lapack.c"
"batch_066.c","do_lapack","La_svd_cmplx","401","src/main/lapack.c"
"batch_066.c","do_lapack","La_zgecon","9","src/main/lapack.c"
"batch_066.c","do_lapack","La_ztrcon","10","src/main/lapack.c"
"batch_066.c","do_lapack","La_ztrcon3","13","src/main/lapack.c"
"batch_066.c","do_lapack","qr_coef_cmplx","303","src/main/lapack.c"
"batch_066.c","do_lapack","qr_coef_real","300","src/main/lapack.c"
"batch_066.c","do_lapack","qr_qy_cmplx","304","src/main/lapack.c"
"batch_066.c","do_lapack","qr_qy_real","301","src/main/lapack.c"
"batch_067.c","do_lazyLoadDBfetch","lazyLoadDBfetch","0","src/main/serialize.c"
"batch_068.c","do_lazyLoadDBflush","lazyLoadDBflush","0","src/main/serialize.c"
"batch_069.c","do_lazyLoadDBinsertValue","lazyLoadDBinsertValue","0","src/main/serialize.c"
"batch_070.c","do_list2env","list2env","0","src/main/envir.c"
"batch_071.c","do_load","load","0","src/main/saveload.c"
"batch_072.c","do_loadFromConn2","loadFromConn2","0","src/main/saveload.c"
"batch_072.c","do_loadFromConn2","loadInfoFromConn2","1","src/main/saveload.c"
"batch_073.c","do_loadfile","load.from.file","0","src/main/saveload.c"
"batch_074.c","do_lockBnd","lockBinding","0","src/main/envir.c"
"batch_074.c","do_lockBnd","unlockBinding","1","src/main/envir.c"
"batch_075.c","do_lockEnv","lockEnvironment","0","src/main/envir.c"
"batch_076.c","do_ls","ls","1","src/main/envir.c"
"batch_077.c","do_makelazy","makeLazy","0","src/main/builtin.c"
"batch_078.c","do_matchcall","match.call","0","src/main/unique.c"
"batch_079.c","do_mget","mget","1","src/main/envir.c"
"batch_080.c","do_mkActiveBnd","makeActiveBinding","0","src/main/envir.c"
"batch_081.c","do_mkUnbound","mkUnbound","0","src/main/envir.c"
"batch_082.c","do_mkcode","mkCode","0","src/main/eval.c"
"batch_083.c","do_mmap_file","mmap_file","0","src/main/altclasses.c"
"batch_084.c","do_munmap_file","munmap_file","0","src/main/altclasses.c"
"batch_085.c","do_onexit","on.exit","0","src/main/builtin.c"
"batch_086.c","do_parentenvgets","parent.env<-","0","src/main/builtin.c"
"batch_087.c","do_pipe","pipe","0","src/main/connections.c"
"batch_088.c","do_pos2env","pos.to.env","0","src/main/envir.c"
"batch_089.c","do_putconst","putconst","0","src/main/eval.c"
"batch_090.c","do_readln","readline","0","src/main/scan.c"
"batch_091.c","do_recall","Recall","0","src/main/eval.c"
"batch_092.c","do_recordGraphics","recordGraphics","0","src/main/engine.c"
"batch_093.c","do_regFinaliz","reg.finalizer","0","src/main/memory.c"
"batch_094.c","do_regNS","registerNamespace","0","src/main/envir.c"
"batch_095.c","do_remove","remove","0","src/main/envir.c"
"batch_096.c","do_save","save","0","src/main/saveload.c"
"batch_097.c","do_saveToConn","saveToConn","0","src/main/saveload.c"
"batch_098.c","do_savefile","save.to.file","0","src/main/saveload.c"
"batch_099.c","do_scan","scan","0","src/main/scan.c"
"batch_100.c","do_search","search","0","src/main/envir.c"
"batch_101.c","do_serialize","serializeb","1","src/main/serialize.c"
"batch_102.c","do_serializeToConn","serializeToConn","0","src/main/serialize.c"
"batch_103.c","do_serversocket","serverSocket","0","src/main/connections.c"
"batch_104.c","do_shellexec","shell.exec","0","src/gnuwin32/extra.c"
"batch_105.c","do_signalCondition",".signalCondition","0","src/main/errors.c"
"batch_106.c","do_sockconn","socketAccept","1","src/main/connections.c"
"batch_106.c","do_sockconn","socketConnection","0","src/main/connections.c"
"batch_107.c","do_standardGeneric","standardGeneric","0","src/main/objects.c"
"batch_108.c","do_substitute","substitute","0","src/main/coerce.c"
"batch_109.c","do_sys","sys.call","2","src/main/context.c"
"batch_109.c","do_sys","sys.calls","5","src/main/context.c"
"batch_109.c","do_sys","sys.frame","3","src/main/context.c"
"batch_109.c","do_sys","sys.frames","6","src/main/context.c"
"batch_109.c","do_sys","sys.function","9","src/main/context.c"
"batch_109.c","do_sys","sys.nframe","4","src/main/context.c"
"batch_109.c","do_sys","sys.on.exit","7","src/main/context.c"
"batch_109.c","do_sys","sys.parent","1","src/main/context.c"
"batch_109.c","do_sys","sys.parents","8","src/main/context.c"
"batch_110.c","do_sysbrowser","browserCondition","2","src/main/context.c"
"batch_110.c","do_sysbrowser","browserSetDebug","3","src/main/context.c"
"batch_110.c","do_sysbrowser","browserText","1","src/main/context.c"
"batch_111.c","do_tailcall","Exec","0","src/main/eval.c"
"batch_111.c","do_tailcall","Tailcall","1","src/main/eval.c"
"batch_112.c","do_traceback","traceback","0","src/main/errors.c"
"batch_113.c","do_tryCatchHelper","C_tryCatchHelper","0","src/main/errors.c"
"batch_114.c","do_tryWrap","tryWrap","0","src/main/altclasses.c"
"batch_115.c","do_unregNS","unregisterNamespace","0","src/main/envir.c"
"batch_116.c","do_unserializeFromConn","serializeInfoFromConn","1","src/main/serialize.c"
"batch_116.c","do_unserializeFromConn","unserializeFromConn","0","src/main/serialize.c"
"batch_117.c","do_unz","unz","0","src/main/connections.c"
"batch_118.c","do_url","file","1","src/main/connections.c"
"batch_118.c","do_url","url","0","src/main/connections.c"
"batch_119.c","do_wrap_meta","wrap_meta","0","src/main/altclasses.c"
