batch,go_file,c_entry,status
batch_001.c,batch_001.go,do_External,translated
batch_002.c,batch_002.go,do_Externalgr,translated
batch_003.c,batch_003.go,do_activeBndFun,translated
batch_004.c,batch_004.go,do_addCondHands,translated
batch_005.c,batch_005.go,do_addGlobHands,translated
batch_006.c,batch_006.go,do_addRestart,translated
batch_007.c,batch_007.go,do_addTryHandlers,translated
batch_008.c,batch_008.go,do_as_environment,translated
batch_009.c,batch_009.go,do_asfunction,translated
batch_010.c,batch_010.go,do_attach,translated
batch_011.c,batch_011.go,do_bcclose,translated
batch_012.c,batch_012.go,do_bcprofcounts,translated
batch_013.c,batch_013.go,do_bcprofstart,translated
batch_014.c,batch_014.go,do_bcprofstop,translated
batch_015.c,batch_015.go,do_bindingType,translated
batch_016.c,batch_016.go,do_bndIsActive,translated
batch_017.c,batch_017.go,do_bndIsLocked,translated
batch_018.c,batch_018.go,do_bodyCode,translated
batch_019.c,batch_019.go,do_builtins,translated
batch_020.c,batch_020.go,do_curlDownload,translated
batch_021.c,batch_021.go,do_curlGetHeaders,translated
batch_022.c,batch_022.go,do_curlVersion,translated
batch_023.c,batch_023.go,do_debug,translated
batch_024.c,batch_024.go,do_declare,translated
batch_025.c,batch_025.go,do_delayed,translated
batch_026.c,batch_026.go,do_delayedBindingEnv,translated
batch_027.c,batch_027.go,do_delayedBindingExpr,translated
batch_028.c,batch_028.go,do_detach,translated
batch_029.c,batch_029.go,do_disassemble,translated
batch_030.c,batch_030.go,do_docall,translated
batch_031.c,batch_031.go,do_dotCode,translated
batch_032.c,batch_032.go,do_dotDelayedEnv,translated
batch_033.c,batch_033.go,do_dotDelayedExpr,translated
batch_034.c,batch_034.go,do_dotForcedExpr,translated
batch_035.c,batch_035.go,do_dotType,translated
batch_036.c,batch_036.go,do_dotcall,translated
batch_037.c,batch_037.go,do_dotcallgr,translated
batch_038.c,batch_038.go,do_dump,translated
batch_039.c,batch_039.go,do_dynload,translated
batch_040.c,batch_040.go,do_dynunload,translated
batch_041.c,batch_041.go,do_eapply,translated
batch_042.c,batch_042.go,do_env2list,translated
batch_043.c,batch_043.go,do_envIsLocked,translated
batch_044.c,batch_044.go,do_envirName,translated
batch_045.c,batch_045.go,do_envirgets,translated
batch_046.c,batch_046.go,do_envprofile,translated
batch_047.c,batch_047_unix.go,do_fifo,translated-unix
batch_047.c,batch_047_windows.go,do_fifo,translated-windows
batch_048.c,batch_048.go,do_forcedBindingExpr,translated
batch_049.c,batch_049.go,do_getDllTable,translated
batch_050.c,batch_050.go,do_getNSRegistry,translated
batch_051.c,batch_051.go,do_getNSValue,translated
batch_052.c,batch_052.go,do_getRegNS,translated
batch_053.c,batch_053.go,do_getRegisteredRoutines,translated
batch_054.c,batch_054.go,do_getSymbolInfo,translated
batch_055.c,batch_055.go,do_getVarsFromFrame,translated
batch_056.c,batch_056.go,do_getconst,translated
batch_057.c,batch_057.go,do_growconst,translated
batch_058.c,batch_058.go,do_gzcon,translated
batch_059.c,batch_059.go,do_gzfile,translated
batch_060.c,batch_060.go,do_importIntoEnv,translated
batch_061.c,batch_061.go,do_inspect,translated
batch_062.c,batch_062.go,do_invokeRestart,translated
batch_063.c,batch_063.go,do_isNSEnv,translated
batch_064.c,batch_064.go,do_is_builtin_internal,translated
batch_065.c,batch_065.go,do_isloaded,translated
batch_066.c,batch_066.go,do_lapack,translated
batch_067.c,batch_067.go,do_lazyLoadDBfetch,translated
batch_068.c,batch_068.go,do_lazyLoadDBflush,translated
batch_069.c,batch_069.go,do_lazyLoadDBinsertValue,translated
batch_070.c,batch_070.go,do_list2env,translated
batch_071.c,batch_071.go,do_load,translated
batch_072.c,batch_072.go,do_loadFromConn2,translated
batch_073.c,batch_073.go,do_loadfile,translated
batch_074.c,batch_074.go,do_lockBnd,translated
batch_075.c,batch_075.go,do_lockEnv,translated
batch_076.c,batch_076.go,do_ls,translated
batch_077.c,batch_077.go,do_makelazy,translated
batch_078.c,batch_078.go,do_matchcall,translated
batch_079.c,batch_079.go,do_mget,translated
batch_080.c,batch_080.go,do_mkActiveBnd,translated
batch_081.c,batch_081.go,do_mkUnbound,translated
batch_082.c,batch_082.go,do_mkcode,translated
batch_083.c,batch_083.go,do_mmap_file,translated
batch_084.c,batch_084.go,do_munmap_file,translated
batch_085.c,batch_085.go,do_onexit,translated
batch_086.c,batch_086.go,do_parentenvgets,translated
batch_087.c,batch_087_unix.go,do_pipe,translated-unix
batch_087.c,batch_087_windows.go,do_pipe,translated-windows
batch_088.c,batch_088.go,do_pos2env,translated
batch_089.c,batch_089.go,do_putconst,translated
batch_090.c,batch_090.go,do_readln,translated
batch_091.c,batch_091.go,do_recall,translated
batch_092.c,batch_092.go,do_recordGraphics,translated
batch_093.c,batch_093.go,do_regFinaliz,translated
batch_094.c,batch_094.go,do_regNS,translated
batch_095.c,batch_095.go,do_remove,translated
batch_096.c,batch_096.go,do_save,translated
batch_097.c,batch_097.go,do_saveToConn,translated
batch_098.c,batch_098.go,do_savefile,translated
batch_099.c,batch_099.go,do_scan,translated
batch_100.c,batch_100.go,do_search,translated
batch_101.c,batch_101.go,do_serialize,translated
batch_102.c,batch_102.go,do_serializeToConn,translated
batch_103.c,batch_103.go,do_serversocket,translated
batch_104.c,batch_104.go,do_shellexec,translated
batch_105.c,batch_105.go,do_signalCondition,translated
batch_106.c,batch_106.go,do_sockconn,translated
batch_107.c,batch_107.go,do_standardGeneric,translated
batch_108.c,batch_108.go,do_substitute,translated
batch_109.c,batch_109.go,do_sys,translated
batch_110.c,batch_110.go,do_sysbrowser,translated
batch_111.c,batch_111.go,do_tailcall,translated
batch_112.c,batch_112.go,do_traceback,translated
batch_113.c,batch_113.go,do_tryCatchHelper,translated
batch_114.c,batch_114.go,do_tryWrap,translated
batch_115.c,batch_115.go,do_unregNS,translated
batch_116.c,batch_116.go,do_unserializeFromConn,translated
batch_117.c,batch_117.go,do_unz,translated
batch_118.c,batch_118_unix.go,do_url,translated-unix
batch_118.c,batch_118_windows.go,do_url,translated-windows
batch_119.c,batch_119.go,do_wrap_meta,translated
